TimePoint,Experiment,Group,Date,Time,Mode,Multiple Reads per Well (Circle (filled)),Multiple Reads per Well (Border),Excitation Wavelength,Emission Wavelength,Excitation Bandwidth,Emission Bandwidth,Gain,Number of Flashes,Integration Time,Lag Time,Settle Time,Well,Mean,StDev,5;14,6;14,7;14,8;14,9;14,11;13,10;13,9;13,8;13,7;13,6;13,5;13,4;13,3;13,2;12,3;12,4;12,5;12,6;12,7;12,8;12,9;12,10;12,11;12,12;12,13;11,12;11,11;11,10;11,9;11,8;11,7;11,6;11,5;11,4;11,3;11,2;11,1;11,1;10,2;10,3;10,4;10,5;10,6;10,7;10,8;10,9;10,10;10,11;10,12;10,13;10,14;9,13;9,12;9,11;9,10;9,9;9,8;9,7;9,6;9,5;9,4;9,3;9,2;9,1;9,0;9,0;8,1;8,2;8,3;8,4;8,5;8,6;8,7;8,8;8,9;8,10;8,11;8,12;8,13;8,14;8,14;7,13;7,12;7,11;7,10;7,9;7,8;7,7;7,6;7,5;7,4;7,3;7,2;7,1;7,0;7,0;6,1;6,2;6,3;6,4;6,5;6,6;6,7;6,8;6,9;6,10;6,11;6,12;6,13;6,14;6,14;5,13;5,12;5,11;5,10;5,9;5,8;5,7;5,6;5,5;5,4;5,3;5,2;5,1;5,0;5,1;4,2;4,3;4,4;4,5;4,6;4,7;4,8;4,9;4,10;4,11;4,12;4,13;4,13;3,12;3,11;3,10;3,9;3,8;3,7;3,6;3,5;3,4;3,3;3,2;3,1;3,2;2,3;2,4;2,5;2,6;2,7;2,8;2,9;2,10;2,11;2,12;2,11;1,10;1,9;1,8;1,7;1,6;1,5;1,4;1,3;1,5;0,6;0,7;0,8;0,9;0
0h,1,stim,2021/12/17,10:25:16,Fluorescence Top Reading,15 x 15,6000 µm,485 nm,535 nm,9 nm,20 nm,100,2,20 µs,0 µs,0 ms,A1,9537,799,6251,7340,12985,9389,8167,10447,8937,8696,8630,9731,9930,9255,8716,9487,9225,8928,10035,8931,9378,9849,9826,8837,9447,9468,9295,9018,8587,10176,9244,9273,9769,9455,9085,8946,9514,9108,9416,9331,8917,9685,10584,9716,10374,10006,9831,9149,9139,9346,9153,9087,9182,9762,7658,9811,10676,10386,9986,10300,9493,9177,8777,8691,8994,9313,9078,9151,9885,9246,10771,10408,10615,10527,10201,9581,8902,8411,8894,9210,9201,9296,9243,9548,8715,10166,10852,10939,10589,10214,9775,9090,8140,7987,8962,9357,8681,8877,10428,8750,10775,11315,10846,10226,9812,9657,9087,8111,8969,9232,9353,9307,8953,9991,8093,9705,11153,10768,9883,10405,10166,9429,8675,8754,9225,9422,8971,9166,10245,8901,10385,10829,10291,9599,9604,9565,8854,9477,9413,9414,9180,10452,7960,9475,10666,10113,9664,10072,10191,9395,9225,9257,9495,9287,10332,8895,9750,10769,10397,9563,9717,10017,9695,9175,9376,10403,8247,9146,10562,10082,9282,9761,10244,9818,10473,8602,10143,10323,9850
0h,1,stim,2021/12/17,10:25:16,Fluorescence Top Reading,15 x 15,6000 µm,485 nm,535 nm,9 nm,20 nm,100,2,20 µs,0 µs,0 ms,A2,9527,715,7360,9208,9978,7591,9454,9467,7008,9981,9783,9687,9550,9706,8954,9851,9274,8737,10080,8935,9529,10030,9532,9209,9362,9602,9317,9147,8988,9780,9089,9411,9934,9540,8789,8961,9620,9068,9196,9052,9705,9397,10695,9839,9852,9921,9563,8724,8819,9649,9141,9185,9205,9720,7811,9836,10471,10446,9898,10105,9419,9151,8917,8678,9219,9251,9026,9138,9644,9161,10680,10646,10702,10352,10112,9716,9154,8405,8837,9088,9193,9063,8943,9817,8547,10215,10945,10906,10426,10132,9843,8961,8309,8433,9098,9405,8964,9004,10557,8732,10630,11405,10833,10537,10161,9979,9215,8173,8598,9125,9299,9263,8939,9776,8347,9910,11208,10817,10044,10229,10087,9263,8679,8898,9413,9353,9036,9123,10417,8947,10438,10918,10660,9461,9409,9362,8987,9558,9607,9497,9050,10456,8176,9659,10798,9990,9813,9437,9742,9308,9187,9303,9566,9461,10300,8921,9685,10507,10192,9379,9828,10350,9914,9272,9224,10242,8238,9287,10786,10025,8973,9661,9908,9684,9591,10105,9296,9242,9653
0h,1,stim,2021/12/17,10:25:16,Fluorescence Top Reading,15 x 15,6000 µm,485 nm,535 nm,9 nm,20 nm,100,2,20 µs,0 µs,0 ms,A3,9519,763,6798,9664,8692,7213,8599,10560,7681,9093,8677,10033,10041,9258,8706,9498,9119,9222,10010,8748,9374,9983,9487,9051,9402,9476,9008,10139,8393,8576,10263,9679,9568,9124,9477,9371,9333,9011,9201,9324,9845,9395,9849,9944,9935,9895,9136,8975,8680,9304,9190,9004,8907,9742,7641,9974,10455,10481,10148,9866,9400,8835,8735,8763,9319,9577,9200,9296,10168,9046,10915,10685,10677,10467,10194,9824,9381,8223,8690,8967,9273,9134,9021,9589,8813,10449,10891,10924,10539,9941,9451,9117,8425,7836,9155,9484,9168,9218,10173,9109,10571,11349,10838,10357,10017,10064,8916,8101,8653,9159,9375,9282,9008,10193,8337,10055,11247,10799,10421,10201,9879,9272,8568,8657,9026,9444,9103,9349,10206,9116,10522,11033,10832,9690,9560,9226,8803,9494,9575,9451,9026,10558,8208,9901,10878,10207,9611,9573,9579,9504,9388,9322,9106,9083,10361,8929,9701,10709,10102,9300,9742,10203,9748,9222,9237,10362,8403,9362,10739,9809,9112,9740,10238,9660,10315,8654,9930,10413,9875
0h,1,pos,2021/12/17,10:25:16,Fluorescence Top Reading,15 x 15,6000 µm,485 nm,535 nm,9 nm,20 nm,100,2,20 µs,0 µs,0 ms,B1,9690,876,3558,7226,9905,8313,9850,9447,9029,9901,9304,9425,10113,9420,9111,9685,9297,9126,10240,9230,9574,10138,9874,9391,9821,9767,9258,9209,8800,9768,8797,9167,10027,9804,9251,9392,9901,9648,9286,9183,9769,9663,10851,9598,10380,10025,9782,9001,9263,9845,9329,9447,9207,10074,7643,9924,10375,10740,10087,10422,9634,9195,8820,8904,9436,9650,9189,9394,9813,9545,11118,10776,10786,10666,10351,9704,9209,8543,9361,9175,9319,9564,9359,10324,8818,10408,10981,11037,10640,10348,9599,9363,8354,8287,9227,9808,9102,9336,10809,9203,11028,11543,10969,10390,10431,10007,9135,8170,8998,9395,9592,9377,9062,10380,8502,9873,11346,11160,10657,10502,10187,9627,9024,8810,9299,9543,9162,9461,10844,9167,10613,11108,11043,9587,9452,9224,8950,9650,9738,9574,9347,10852,8196,9779,11201,10667,9779,10037,9886,9382,9380,9479,9557,9359,10405,9048,9987,11039,10455,9406,9702,10239,9908,9285,9395,10770,8418,9396,11130,10349,9376,10196,10408,9811,10769,8335,10375,10558,9991
0h,1,pos,2021/12/17,10:25:16,Fluorescence Top Reading,15 x 15,6000 µm,485 nm,535 nm,9 nm,20 nm,100,2,20 µs,0 µs,0 ms,B2,9908,898,3630,7383,10354,8602,9899,9718,9150,10271,9655,9444,10104,9776,9285,9854,9825,9300,10552,9538,9714,10468,10035,9451,9694,9823,9725,9669,9036,10077,9335,9392,10374,10094,9232,9236,9978,9776,9700,9523,9654,10140,10987,10045,10321,10278,10036,9332,9268,9794,9612,9401,9312,10147,7914,10131,10896,10511,10315,10513,9871,9427,8974,9040,9569,10175,9522,9554,10533,9906,11441,11086,11004,10951,10704,10235,9382,8507,9036,9308,9941,9531,9277,10090,9157,10319,11403,11348,10958,10621,10320,9498,8614,8269,9659,9889,9420,9370,10965,9299,11288,11942,11146,10983,10452,10573,9242,8206,9166,9680,9830,9421,9500,10599,8490,10419,11673,11218,10810,10687,10420,9705,9031,8914,9822,9985,9389,9554,10380,9233,11133,11472,11151,9948,9503,9506,9109,9893,10114,9959,9512,10831,8607,10066,11301,10663,9973,10091,10196,9673,9553,9634,9841,9750,11069,9132,10169,11338,10681,9705,9799,10611,10114,9458,9813,11007,8643,9766,11265,10401,9534,9983,10531,10308,10862,9136,10550,11023,10083
0h,1,pos,2021/12/17,10:25:16,Fluorescence Top Reading,15 x 15,6000 µm,485 nm,535 nm,9 nm,20 nm,100,2,20 µs,0 µs,0 ms,B3,9840,1012,4210,8589,15981,9758,8011,11078,8863,9273,8869,10333,10365,9238,8714,9987,9412,9217,10393,9624,9833,10127,9889,9279,9667,9863,9636,9375,8719,10091,9135,9394,10335,10095,9374,9402,9739,9560,9333,9419,10128,9839,10811,9992,10016,10318,9515,8681,8923,9474,9775,9469,9279,9606,7661,9937,10350,10613,10705,10430,9830,9139,8963,8674,9646,10036,9707,9493,10456,9460,11287,10816,11205,10992,10653,10375,9459,8229,8984,9325,9645,9652,9161,10211,8822,10696,11448,11220,10862,10684,10155,9495,8310,7881,9369,10056,9225,9222,10476,9510,11360,11397,11234,10899,10388,10279,9280,8060,8798,9320,9990,9379,9298,10519,8434,10529,11746,11090,10553,10672,10458,9690,8880,8608,9717,10028,9263,9395,10882,9332,10929,11572,10956,9741,9542,9210,8954,9905,9808,9628,9418,10339,8343,9985,11260,10537,10060,10137,9976,9423,9231,9849,9952,9576,10886,9163,10051,11120,10549,9859,9954,10305,10001,9427,9503,11118,8642,9562,11324,10289,9336,9769,10158,10002,10606,8751,10346,10641,10022
0h,2,stim,2021/12/17,13:13:47,Fluorescence Top Reading,15 x 15,6000 µm,485 nm,535 nm,9 nm,20 nm,100,2,20 µs,0 µs,0 ms,A1,9470,827,6377,7029,12993,9653,8098,10099,9370,8282,8568,9936,9919,9166,8826,9472,9061,8541,10136,8983,9353,9907,9617,9122,9425,9367,9282,9351,8823,9893,9027,9185,9686,9553,8805,8817,9494,9161,8939,9196,9072,9625,10529,9783,9931,9794,9303,8446,8713,9437,9214,9069,8805,9838,7513,9711,10539,10541,10021,9948,9121,8887,8630,8573,9203,9130,9021,9084,9705,8948,10937,10655,10643,10477,10075,9292,8945,8137,8811,9090,9187,9155,9066,9524,8997,10397,10737,10813,10379,9585,9208,8933,8241,7742,8823,9275,9315,9261,10313,8479,10685,11175,10825,10057,9962,10009,8816,7729,8702,9375,9463,9209,9175,10139,8280,9956,11609,10709,9872,9871,10018,9206,8353,8537,9340,9498,9065,9228,10280,8988,10612,10861,10609,9130,9342,8949,8745,9403,9456,9286,9098,10421,8251,9555,10744,10079,9203,9474,9385,9096,9214,9552,9518,9198,10455,8895,9719,10691,10343,9312,9639,10092,9797,8825,9129,10606,8397,9086,10587,9962,8947,9522,10362,9856,10433,8545,10302,10300,9922
0h,2,stim,2021/12/17,13:13:47,Fluorescence Top Reading,15 x 15,6000 µm,485 nm,535 nm,9 nm,20 nm,100,2,20 µs,0 µs,0 ms,A2,9196,715,6705,7777,9209,7117,9190,8928,6696,9832,9551,8890,9116,9149,8739,9260,8912,8684,9592,8548,9165,9713,9316,8635,9117,9458,8831,8579,8512,9457,8504,9076,9633,9264,8830,8771,9396,8906,8690,8774,9334,8957,10302,9353,9454,9575,9116,8402,8709,9253,8875,8824,8905,9543,7479,9617,10151,10170,9474,9919,8999,8723,8526,8357,8816,9113,8846,9061,9283,8999,10322,9981,10189,10144,9829,9318,9024,8211,8485,8708,8915,9014,8691,9614,8251,9821,10677,10625,10038,9683,9294,8612,8010,7997,8684,9032,8564,8940,10224,8419,10369,10992,10424,9883,9829,9617,8820,7947,8574,8971,9170,8861,8836,9673,8185,9429,10515,10425,9901,9830,9610,8979,8232,8550,9119,8859,8857,8848,9958,8705,10201,10385,10386,8846,9195,8988,8851,9100,8979,9111,8861,9842,7917,9299,10313,9913,8955,9302,9418,9122,8885,9110,9230,9129,10037,8650,9269,10308,9837,8947,9361,9927,9961,8801,9101,10311,8032,9112,10245,9678,8724,9259,9741,9458,10059,8237,9804,9791,9789
0h,2,stim,2021/12/17,13:13:47,Fluorescence Top Reading,15 x 15,6000 µm,485 nm,535 nm,9 nm,20 nm,100,2,20 µs,0 µs,0 ms,A3,8575,740,5405,8644,8290,5874,8409,8539,6227,8995,8513,8227,8121,8890,8249,8408,8118,8139,9119,7916,8458,8997,8602,8112,8448,8504,8347,8392,7743,9082,7997,8478,8736,8790,8173,8268,8488,8562,7973,8222,8886,8438,9643,8389,8967,8773,8686,7633,7976,8275,8304,8145,8368,8343,6914,8679,9315,9642,9338,9210,8185,8013,7687,8080,8213,8438,8287,8614,9190,8266,9921,9392,9670,9462,9278,8669,8504,7302,7829,7956,8296,8348,8303,8978,7804,9522,9831,9974,9227,9024,8409,8182,7055,7387,8132,8431,8304,8382,9133,8040,9780,10052,9997,9217,9017,8699,8011,7116,7929,8126,8468,8389,8329,9171,7421,9021,10081,9893,8917,9287,8667,8321,7565,7763,8357,8611,8174,8442,9415,8078,9825,9905,9827,8310,8558,8043,8207,8361,8616,8658,8468,9108,7374,8611,9671,9250,8357,8512,8782,8747,8234,8636,8593,8450,9481,7892,8837,9605,9643,8245,8953,9273,9085,8264,8295,9868,7655,8595,9711,9188,8320,8818,9098,8892,9298,7666,9193,9165,9130
0h,2,pos,2021/12/17,13:13:47,Fluorescence Top Reading,15 x 15,6000 µm,485 nm,535 nm,9 nm,20 nm,100,2,20 µs,0 µs,0 ms,B1,20003,1945,6795,14175,20887,15700,19649,19940,17802,20527,19514,19650,20030,19515,18760,19820,18646,19564,20551,18676,19452,20997,19733,18613,19601,19988,19758,19412,18352,20368,18846,18954,20388,20062,18248,18991,20176,19717,18948,19008,20039,20035,22646,20160,21158,20822,19983,18201,18678,20101,19697,18935,18823,19889,16118,20442,21403,21968,21299,21195,19128,18427,18039,17720,19341,19610,19352,19206,21353,19825,23457,23134,22751,21937,21405,20336,19027,16803,18698,19440,19581,19057,19068,21434,18236,21361,23263,22985,22157,21377,19799,19293,17666,16053,18461,19908,19223,19308,21230,18896,23039,24567,22816,21160,21205,20944,18490,16166,18452,19686,19649,19059,19040,21758,17565,21439,24144,23076,21566,21694,21048,19720,18458,17870,19494,19888,18976,19770,21620,19156,22376,23137,22550,19632,19076,18875,18877,20444,20342,20117,19526,21810,17459,20597,23045,21703,20323,20426,20685,20224,19481,19635,20058,19845,22186,18830,20708,22323,21879,19520,20490,21904,20960,19605,19426,22842,17246,19987,23330,21419,19194,20441,22034,20712,22301,17695,21338,22264,21455
0h,2,pos,2021/12/17,13:13:47,Fluorescence Top Reading,15 x 15,6000 µm,485 nm,535 nm,9 nm,20 nm,100,2,20 µs,0 µs,0 ms,B2,24159,2286,7196,19550,24823,19598,24453,23502,21196,24736,23677,22903,24611,23770,22427,23541,23852,22700,25298,22377,24177,25197,24852,22881,23954,24497,23478,22771,22500,24410,22587,23815,25349,23895,22753,22881,24923,23330,22915,22916,24548,23875,26648,24572,24777,24679,24092,22172,22193,23604,23050,22818,23143,25131,19654,24449,26437,26796,25884,26100,23823,21907,22168,22033,23661,23677,22943,23364,24132,23921,27686,27234,27125,26799,26082,24831,23802,20906,21780,22829,23724,23268,22553,25417,21742,26132,28240,28066,26830,25609,24383,23064,21012,19873,22831,23788,22618,23325,27039,22924,27862,28840,27309,25802,24922,25155,23048,20202,21454,23653,24091,23464,23119,25706,21019,25053,28340,27963,26583,25964,26364,23735,22102,22106,23573,24154,23089,23352,26895,23179,26917,27965,27028,23796,23469,23432,22486,24441,24856,24276,23226,26346,21085,24621,28044,26372,24020,24241,25129,23729,23507,23533,24554,24106,26413,22811,24839,26861,26468,23888,24505,26086,25572,23452,23839,26851,21196,23870,28171,25660,23447,24337,26210,24969,26073,21812,25795,26359,25339
0h,2,pos,2021/12/17,13:13:47,Fluorescence Top Reading,15 x 15,6000 µm,485 nm,535 nm,9 nm,20 nm,100,2,20 µs,0 µs,0 ms,B3,19498,2000,8336,17016,31834,18939,15874,22388,17810,17371,17356,20633,19803,18254,17827,19542,18678,17849,20736,18482,19154,20244,19364,17906,18909,19393,18583,18867,17436,19901,18442,18766,20116,19798,18878,18469,19732,18964,18542,18684,18238,19589,21278,19782,20059,19986,18908,17243,17548,19207,18738,18748,18660,20097,15118,19742,21341,21420,20640,20623,19229,17801,17567,17597,19414,19268,18764,18944,20740,18938,21903,21838,21443,21698,20686,20422,19206,16763,17338,18762,18682,18821,18523,19792,17893,20981,22369,22449,21826,20584,19666,18678,16827,15961,18207,19695,18356,19080,21760,18022,22477,23008,22316,20957,20132,20447,19008,16069,16975,18525,19110,18930,18790,21309,16913,20801,23365,22398,20863,20391,20431,19150,17449,17473,19274,19757,18877,18983,20141,18776,22108,22621,22135,19155,19410,19010,17780,19675,19707,19503,19008,21640,16751,19811,22476,20932,19137,19805,19780,18935,18687,19256,19797,19000,21742,17993,20161,22147,20934,19296,19835,20737,19903,18985,18827,21446,16914,18760,22038,20036,18552,19633,21266,19601,21276,17615,20510,21043,20359
2h,1,stim,2021/12/13,18:05:57,Fluorescence Top Reading,15 x 15,6000 µm,485 nm,535 nm,9 nm,20 nm,100,2,20 µs,0 µs,0 ms,A1,12599,1177,7577,9234,18480,12302,9860,14238,12027,10782,11527,13303,12767,11811,11758,12786,11913,11296,13590,11901,12760,13145,13028,11983,12640,12676,11991,12052,11681,12963,11837,12355,12537,12649,11401,11668,12206,12169,12024,12095,12207,12667,13640,13147,13487,13430,12582,11687,11745,12579,12025,11927,11855,12941,10006,13021,13749,13756,13472,13397,12460,11647,11882,11380,11835,12394,11924,12106,13305,12219,13886,14093,14041,13602,13313,12682,12422,11080,11292,11975,12276,12179,12111,12911,11753,13421,14227,14774,13861,12964,11906,11664,10844,10659,11467,12211,11771,12180,13444,11452,14533,15122,14532,13484,13421,13393,12821,10556,11380,12036,12438,12432,12132,13530,10998,13264,15175,14549,13371,13248,12861,12342,11442,11330,12067,12230,12069,12246,13454,11986,14084,14563,14280,12484,12371,12128,11889,12462,12783,12639,12320,13706,10773,12760,14383,13459,12397,12885,12605,12180,11857,12295,12604,12475,13977,11591,12949,14454,14125,12582,12875,13670,12875,12266,12121,14207,10864,12300,14222,13159,11932,12558,13636,13380,13791,11363,13491,13779,13052
2h,1,stim,2021/12/13,18:05:57,Fluorescence Top Reading,15 x 15,6000 µm,485 nm,535 nm,9 nm,20 nm,100,2,20 µs,0 µs,0 ms,A2,11989,1007,8286,14351,11955,9072,11877,11469,8804,12366,12503,11439,11661,12074,11332,11913,11638,10773,12335,10839,11699,13149,11804,11084,12133,12201,11417,11732,11208,12031,10983,11777,12604,11683,11014,11482,12194,11801,11327,11453,12437,11532,13080,11941,12380,12431,12285,10825,11174,11928,11569,11112,11274,12326,9514,12549,13104,13120,12882,12986,11805,11464,11327,10842,11351,11469,11472,11549,12153,11779,13217,12962,13162,13172,12836,12287,12010,10298,10739,11380,11741,11721,11571,12564,10944,13003,13495,14131,13282,12285,11462,11049,10293,10086,11220,11871,11656,11809,13223,10868,13428,14333,13736,12913,12690,12701,11795,10218,11217,11476,11847,11668,11366,12663,10677,12658,13968,13804,13020,12757,12361,11748,11070,10667,11288,11306,11491,11711,13259,11251,13106,13929,13272,11726,11509,11726,11136,12052,12019,12029,11513,13236,10250,12272,14094,13004,11832,12044,12185,11733,11551,11685,11714,11769,13179,11292,12636,13466,13184,11718,12050,13075,12852,11650,11803,13358,10410,11961,13669,12762,11437,12084,13019,12159,13185,10633,12908,12964,12587
2h,1,stim,2021/12/13,18:05:57,Fluorescence Top Reading,15 x 15,6000 µm,485 nm,535 nm,9 nm,20 nm,100,2,20 µs,0 µs,0 ms,A3,10696,1044,5894,13824,10996,7159,10239,10283,7882,11301,10183,10545,10041,11391,10342,10754,10399,10048,11564,9699,10881,11149,10979,9910,10769,10645,10503,10386,9493,11280,9706,10665,10681,10994,9651,10082,10485,10592,9921,10293,11094,10242,11812,10440,11041,10807,10628,9262,9925,10298,10132,10188,10201,10731,8583,10780,11331,12075,11406,11750,9863,9636,9283,9825,10176,10524,10234,10475,11329,10293,12473,11494,12082,11625,12022,10790,10785,8939,9625,9887,10479,10491,10289,11383,9579,11994,12512,12540,11870,11434,9863,9966,8801,9134,9994,10222,10243,10681,11160,10190,12038,12392,12795,11530,11442,11351,10694,8840,9441,10031,10658,10346,10575,11797,9304,11572,12792,12618,11296,11475,10480,10639,9302,9897,9876,10399,10143,10754,12075,10087,12378,12003,12686,9911,10890,9843,10119,10125,10881,10511,10714,11843,9254,10797,12155,11797,10407,10730,10506,10559,9970,10650,10543,10774,11895,9952,11400,11986,11961,10135,11277,11224,11864,10341,10519,12321,9571,10646,12069,11747,10332,10736,11151,11076,11632,9322,11679,11569,11504
2h,1,control,2021/12/13,18:05:57,Fluorescence Top Reading,15 x 15,6000 µm,485 nm,535 nm,9 nm,20 nm,100,2,20 µs,0 µs,0 ms,B1,9774,902,3622,7600,9999,7800,10242,9382,9031,10106,9770,9105,10429,9796,9234,9754,9080,9447,10244,9066,9651,10520,10104,9298,9850,9685,9318,9630,9163,9997,9058,9409,9819,9643,9071,9383,9938,9567,9237,9235,10007,9866,10857,9924,10319,10147,10019,8935,9270,9768,9453,9264,9175,9670,7779,10078,10105,10521,10526,10380,9749,9294,9027,8852,9312,9563,9250,9381,10202,9678,11225,10753,10985,10701,10301,10179,9594,8407,8853,9350,9472,9525,9200,10382,9159,10328,11284,11289,10984,10473,9630,9140,8870,8064,8931,9424,9206,9520,10309,9295,11196,11585,11426,10578,10336,10220,9323,8302,8824,9516,9658,9700,9414,10675,8762,10216,11689,11530,10599,10526,10306,9622,8946,8782,9261,9353,9248,9477,10944,9167,10880,11454,10970,9557,9449,9463,9391,10044,10135,9682,9291,10618,8457,9953,11066,10429,9549,9874,10094,9541,9208,9521,9505,9304,10849,9075,10183,10965,10686,9633,10237,10700,10314,9456,9673,11033,8291,9562,11295,10369,9464,9779,10374,10031,10840,8772,10525,10638,10145
2h,1,control,2021/12/13,18:05:57,Fluorescence Top Reading,15 x 15,6000 µm,485 nm,535 nm,9 nm,20 nm,100,2,20 µs,0 µs,0 ms,B2,9698,856,3578,7860,9543,8024,10075,9139,9029,9927,9470,9097,10350,9691,9393,9714,9569,9101,10230,9264,9657,10156,9804,9308,9668,9825,9110,9369,9060,9785,8990,9483,10199,9444,9193,9189,10004,9401,9163,9280,10096,9558,10601,9931,9978,10375,9651,8920,9146,9707,9326,9207,9246,9836,7899,9916,10336,10511,10106,10507,9666,9178,8967,8843,9212,9643,9493,9158,9463,9622,10856,10893,10881,10845,10223,10113,9640,8602,8768,9094,9539,9166,9016,10294,8889,10409,10952,11276,10666,10106,9766,9068,8603,8196,9253,9653,9186,9476,10811,9371,10991,11719,10886,10603,10243,10231,9650,8268,8763,9560,9891,9568,9205,10160,8628,10032,11340,11143,10601,10416,10155,9413,8982,8801,9153,9413,9317,9284,10700,9268,10658,10979,10837,9582,9589,9498,9203,10027,9563,9501,9115,10563,8502,9853,11208,10358,9842,9713,10066,9487,9312,9358,9629,9478,10620,9127,10047,11169,10456,9371,9964,10289,10215,9243,9410,10584,8372,9698,11231,10205,9209,9907,10580,9795,10506,8603,10027,10539,10193
2h,1,control,2021/12/13,18:05:57,Fluorescence Top Reading,15 x 15,6000 µm,485 nm,535 nm,9 nm,20 nm,100,2,20 µs,0 µs,0 ms,B3,9632,980,3998,8387,15556,9314,7615,11353,8915,8804,8780,10315,9975,9026,8751,9996,9075,8657,10371,9060,9721,10081,9695,9063,9517,9715,9247,9554,8863,9820,9150,9375,9895,9864,9041,9197,9654,9370,8886,9387,9082,9763,10499,9827,9781,10120,9436,8686,8921,9418,9241,9137,9350,9750,7889,9853,10378,10470,10297,10519,9192,8800,8725,8926,9233,9605,9078,9233,10363,9261,11047,10638,10657,10464,10289,9959,9832,8230,8386,8924,9226,9256,9191,9691,8954,10380,11036,11156,10810,10185,9502,9265,8093,8119,9052,9416,9171,9269,10633,8977,11160,11337,10913,10265,10126,10302,9442,8091,8346,9146,9331,9265,9475,10381,8264,10293,11640,10961,10408,9987,9856,9753,8535,8805,9282,9565,9045,9379,10075,9251,10777,11247,10761,9469,9484,9461,9034,9406,9528,9515,9180,10691,8328,9549,10997,10531,9547,9945,9759,9514,9488,9552,9487,9268,10458,8905,9962,10833,10533,9410,9727,10438,9794,9177,9475,10701,8331,9469,10849,9980,9156,9567,10012,9403,10465,8719,10228,10385,10031
2h,1,pos,2021/12/13,18:08:15,Fluorescence Top Reading,15 x 15,6000 µm,485 nm,535 nm,9 nm,20 nm,100,2,20 µs,0 µs,0 ms,B1,46277,4272,21621,36436,,44583,36311,56616,39042,42614,41499,49603,47923,43750,41499,47080,44964,41647,50099,44353,46497,48610,48087,43577,46731,46152,45090,44230,42114,48202,43709,44809,46836,46596,42966,43502,45416,44555,43816,45321,47779,45773,51429,47505,49326,47896,46131,41808,43641,46897,45446,44382,44652,45405,36500,46704,49436,51862,49745,49787,45648,43786,42447,41735,44178,45792,44445,44821,49579,45017,53598,52054,52051,50400,48820,46957,45410,39748,42077,44707,46415,45083,44016,49430,41503,50162,54280,53936,50907,48874,44993,42514,40100,38859,42553,45944,43010,44848,49141,43934,53144,55298,53032,49042,48154,48263,44970,37894,41900,45474,46098,45598,45305,49921,40591,48399,55840,53235,49754,49730,48777,45524,41978,41602,45302,46182,43613,45334,50600,43663,51519,53889,52326,44482,44499,43842,44530,46911,47604,47064,45305,50088,39823,46243,52454,49666,45383,46313,46490,44258,43835,45819,46292,45491,50745,43198,48171,52335,51237,46314,47989,50088,47817,44775,45624,50946,39960,45326,53586,49405,44100,46200,49412,48003,50331,41615,49335,49802,47719
2h,1,pos,2021/12/13,18:08:15,Fluorescence Top Reading,15 x 15,6000 µm,485 nm,535 nm,9 nm,20 nm,100,2,20 µs,0 µs,0 ms,B2,44300,3936,28287,,45707,33136,43692,42777,31227,46913,46481,41185,43100,44137,41777,43463,42460,41732,47046,42076,43761,47997,43769,41459,43480,44734,42320,43812,40444,45380,41812,44001,45943,43951,40429,41469,44464,43712,41539,41759,42412,45015,49549,44865,45467,46152,43836,40064,40277,43682,43145,42913,42628,44873,34941,45062,46991,48577,48339,48657,44603,40924,39012,40610,43466,43632,41448,42891,48324,43751,52531,49585,48823,48731,46716,46134,43651,37316,39473,42139,44502,43598,42707,46048,40028,47088,50664,51287,49493,46540,44241,40948,36159,36060,42423,44315,40556,41851,50227,41052,51851,53771,49270,47934,46764,46440,43105,36984,39650,42985,45738,43429,43135,47715,38445,45760,53906,51628,48145,48300,47675,43908,39573,39071,42846,43780,41661,43067,47433,42594,50374,51379,49824,43519,43039,41733,41859,44612,45247,45572,43279,48217,38065,44446,51040,48040,44199,45350,45089,41857,41251,43026,44288,42995,49309,41283,45869,50121,48597,43975,45268,47617,45717,43232,44381,48392,39365,43221,50742,46265,42180,44209,46497,44988,48176,39924,47207,47620,45380
2h,1,pos,2021/12/13,18:08:15,Fluorescence Top Reading,15 x 15,6000 µm,485 nm,535 nm,9 nm,20 nm,100,2,20 µs,0 µs,0 ms,B3,40055,3626,25282,39707,33926,27882,39785,38401,28755,42628,40375,38637,38194,42323,37589,40072,39313,37370,42122,36710,40873,42222,40523,36506,40703,40111,38182,38513,35542,39457,36770,39660,41523,40217,37993,38072,40090,39332,37857,38489,41084,39069,45045,40120,41517,41063,39568,35009,37042,39998,38885,38149,38056,41378,31742,40630,43390,44919,42340,44378,39394,37786,36184,36620,37779,38941,38464,39329,40355,40116,46200,44260,44405,44566,43517,41754,40771,33703,35292,37908,39106,38569,39061,42832,35835,43931,46784,46929,44444,41887,39389,38551,33460,32066,36911,40403,38444,38927,45221,36693,46461,48498,46246,42945,42941,42068,39357,32637,35261,38364,39785,39890,39142,42683,35137,41123,47243,46610,43037,42767,41242,40018,35696,36848,38631,39666,38045,38849,44055,37969,45455,45679,45654,38474,39380,37053,38201,39767,41360,40352,39727,44003,34540,41450,46350,43686,39361,39897,40426,38722,38544,39714,39752,39414,44321,38179,41552,44796,44069,39637,42245,42933,42085,38435,40210,45328,35271,39303,45993,43271,38056,40643,41939,41324,43848,35977,42801,43070,42458
2h,2,stim,2021/12/16,18:17:23,Fluorescence Top Reading,15 x 15,6000 µm,485 nm,535 nm,9 nm,20 nm,100,2,20 µs,0 µs,0 ms,A1,15119,1337,9166,14125,20987,14143,12834,17614,13356,13466,13397,15724,15046,15072,14596,15877,14323,14479,16539,14316,14982,16229,15079,14204,14945,14897,14179,14414,13887,15362,14068,14554,15671,14539,13751,13883,15325,14884,14338,14703,14354,15634,16903,15716,15939,16086,15022,13966,14165,14815,14262,14298,14392,15275,11730,15187,16472,16296,16313,16288,15106,14430,14127,13871,14630,14706,14416,14714,16332,14622,16927,17164,16929,16766,16101,15210,14995,13418,13450,14241,14951,14835,14536,15408,14007,16192,17284,17510,16631,15393,14687,13632,13011,12496,14389,14962,13898,14511,16400,13768,17279,18251,17185,16338,15787,15718,14589,12702,13522,14457,15224,15014,14294,15931,13128,15853,17714,17282,15776,15884,16281,15073,13644,13463,14776,14938,14200,14583,16260,14035,16839,17784,16886,14827,14690,14621,14019,15172,15128,15326,14726,16403,13293,15115,17347,15896,14908,15381,15764,14361,14224,14937,15066,14853,16647,14030,15692,17227,16520,14937,15443,15957,15247,14551,14826,16377,13261,14572,17122,15554,14245,15002,16383,15544,16213,13390,16007,16389,15463
2h,2,stim,2021/12/16,18:17:23,Fluorescence Top Reading,15 x 15,6000 µm,485 nm,535 nm,9 nm,20 nm,100,2,20 µs,0 µs,0 ms,A2,13765,1097,9892,12226,13573,10605,13817,12947,9962,14531,14428,13238,13519,13529,12902,13654,12977,12862,14082,13436,13759,14921,13442,12560,13897,13992,13146,13532,12718,13686,12635,13877,14580,13670,13191,13320,13667,12859,13244,13223,13712,13438,14975,14297,14498,14767,13776,12757,12792,14029,13429,13407,13390,14344,11295,13919,15071,15414,14830,14576,13605,13142,12959,12376,12843,13286,13366,13484,14048,13586,15458,15286,15171,15485,14631,14101,13948,12234,12514,13209,13573,13253,13017,14640,12831,14996,15752,15991,15234,14178,13309,12908,12184,11749,13175,13501,13035,13157,15041,12380,15600,16464,15340,15061,14520,14802,13474,11848,12586,13282,13759,13344,13206,14573,12408,14582,15981,15973,15038,14643,14044,13521,12484,12738,13221,13288,13160,13224,15071,13103,15037,15723,15652,13778,13618,13693,12577,13794,13878,13981,13329,15356,12000,13853,15754,14850,13723,14101,14191,13267,13089,13124,13728,13539,15028,12694,14050,15500,14790,13478,14035,14792,14005,13213,13528,15338,11940,13537,15517,13870,13108,13704,14639,13824,14894,12089,14281,14995,14121
2h,2,stim,2021/12/16,18:17:23,Fluorescence Top Reading,15 x 15,6000 µm,485 nm,535 nm,9 nm,20 nm,100,2,20 µs,0 µs,0 ms,A3,12843,1122,8931,12978,13742,8916,13008,12158,9267,13831,13126,12680,12358,13605,12217,12798,12101,11965,13595,11744,12677,13393,12861,11837,12701,12994,12724,12384,12241,13077,11672,12700,13158,13105,12156,12412,13065,12488,12184,12471,13245,12485,14188,12792,13340,13435,13193,11349,11889,12510,12411,12262,12406,12960,10183,12873,13673,14227,13920,13710,12390,11858,11804,11678,12322,12362,12217,12769,13498,12164,14634,13988,14302,13968,14177,13003,12956,11192,11230,11756,12357,12419,12323,13402,11845,13988,14614,15068,14152,13475,12095,12204,10588,10981,12088,12330,12006,12297,14023,12115,14654,15074,15106,14130,13825,13258,12735,11129,11294,11914,12503,12545,12330,14208,11135,14066,15513,15113,13854,13716,13041,12539,11106,11506,12386,12888,12258,12589,14278,11983,14893,14716,14719,12284,12862,11918,12137,12253,12811,12680,12556,13965,11038,12970,14561,14081,12741,12988,12942,12774,12016,12422,12927,12481,14167,12069,13487,14374,14131,12172,13072,13557,13200,12504,12773,14714,11395,12741,14655,13795,12251,13148,13312,13053,13972,11566,13854,13714,14027
2h,2,control,2021/12/16,18:17:23,Fluorescence Top Reading,15 x 15,6000 µm,485 nm,535 nm,9 nm,20 nm,100,2,20 µs,0 µs,0 ms,B1,10831,1000,4061,7885,11202,8479,11146,10472,9833,11084,10637,10313,11511,10721,9888,10594,9985,10388,11308,10196,10793,11466,10995,10363,10995,10790,10342,10806,9956,11120,10411,10436,11177,10613,10226,10330,11106,10626,10274,10254,10816,10937,12068,11154,11330,11234,10949,9912,10292,10890,10613,10176,10326,10576,8768,11285,11627,11818,11480,11684,10671,10174,10069,9725,10180,10557,10251,10206,11573,10923,12421,11950,12093,11979,11305,11156,10463,9663,10015,10268,10738,10671,10366,11381,10048,11595,12726,12684,12119,11517,10808,10353,9592,8989,10097,10204,10071,10283,11386,10086,12455,12755,12555,11618,11763,11626,10512,9341,9698,10254,10541,10518,10303,11784,9631,11333,12919,12611,11572,11641,11861,10679,10023,9864,10486,10601,10227,10214,11823,10231,11835,12850,12146,10672,10597,10396,10090,11038,10918,10949,10596,11616,9404,11064,12235,11665,10867,10928,11203,10469,10319,10714,10866,10359,12004,10357,11198,12339,11963,10899,11033,11717,11320,10422,10553,11945,9364,10752,12473,11410,10307,10974,11618,11083,11900,9591,11406,11809,11279
2h,2,control,2021/12/16,18:17:23,Fluorescence Top Reading,15 x 15,6000 µm,485 nm,535 nm,9 nm,20 nm,100,2,20 µs,0 µs,0 ms,B2,10502,983,3076,8178,10269,8497,10540,10002,9683,10709,10069,9760,11112,10366,9894,10553,10266,9644,11086,9980,10444,11214,10516,9933,10483,10414,9987,10279,9606,10674,9786,10168,10889,10598,9919,10126,10753,10197,9943,10066,10675,10479,11510,10790,11090,10978,10248,9726,9809,10440,9903,9879,10224,11010,8352,10837,11534,11490,11188,11321,10538,9914,9870,9897,10247,10442,10030,9965,10698,10480,11948,11841,11863,12007,11266,10761,10368,9280,9467,9941,10304,10272,9783,11099,9760,11171,12362,11981,11506,10930,10712,10241,9363,8714,9843,10538,10042,10109,11672,9659,11737,12462,11923,11308,11125,11271,10125,8743,9520,10266,10308,10214,9946,11104,9355,11022,12291,11914,11404,11264,11016,10202,9561,9651,10181,10300,10012,10108,11709,9985,11561,12234,11744,10496,10296,10236,9723,10565,10527,10324,9969,11760,9172,10663,12037,11423,10773,10769,10550,10137,9917,10336,10378,10433,11480,9928,10936,11870,11356,10358,10824,11174,10859,10031,10260,11709,9118,10496,12147,10943,10064,10518,11150,10669,11640,9555,11141,11591,10875
2h,2,control,2021/12/16,18:17:23,Fluorescence Top Reading,15 x 15,6000 µm,485 nm,535 nm,9 nm,20 nm,100,2,20 µs,0 µs,0 ms,B3,10498,1066,4828,8910,17305,10180,8605,12182,9701,9656,9508,11413,10661,10091,9838,10809,10106,9703,11170,10039,10628,10901,10705,9565,10505,10408,10001,9991,9622,10430,9730,10229,11125,10532,10289,10102,10567,10321,10064,10067,9803,10998,11537,10406,10961,10928,10346,9538,9638,10384,9911,10025,9837,10621,8604,10444,11398,11628,11236,11191,10357,9849,9801,9431,10196,10394,10252,10379,11161,10242,11796,11511,11640,11583,11080,11224,10456,9015,9138,10079,10129,10208,9972,10699,9782,11082,12132,12401,11833,10846,10315,9913,9126,8490,9991,10167,9932,10084,11465,9704,12375,12874,12089,11366,10880,11339,10458,9002,9303,10061,10167,9872,9893,11427,9350,11268,12567,11934,11469,10920,10899,10160,9452,9178,10335,10273,10043,10175,10892,10167,12091,12027,11663,10416,10269,9984,9518,10360,10356,10245,9926,11815,9141,10738,11807,11099,10593,10486,10600,10043,9974,10286,10384,9864,11477,9636,10666,11932,11227,10325,10626,11056,10904,10080,10085,11539,8996,10075,11679,10676,10052,10314,10860,10414,11216,9452,11142,11370,10729
2h,2,pos,2021/12/16,18:17:23,Fluorescence Top Reading,15 x 15,6000 µm,485 nm,535 nm,9 nm,20 nm,100,2,20 µs,0 µs,0 ms,A1,39558,3625,24110,29051,59090,38584,32513,45124,37938,34427,36305,42011,40443,37369,36976,40796,37176,35552,42813,37833,39306,41674,40282,36919,39832,39822,38105,38844,36863,40397,37317,37891,40598,39042,36658,37007,40118,37763,37320,38000,37560,40169,43514,40123,41407,41554,38705,36189,37046,39772,38459,37892,37614,40652,31598,40692,43518,43403,42019,41643,38653,36745,37051,35788,38026,38553,37710,38075,42368,38685,44333,44537,44120,43250,41355,39930,39017,34673,36225,37195,39112,38830,37983,39157,36225,41415,45934,46150,44206,40870,38320,36130,34455,33079,36918,38336,36619,37964,43394,36016,44725,47434,44087,42374,41325,41226,39067,33453,36038,37966,39849,38893,37659,42756,34544,41377,47294,45284,41823,42276,41969,38826,35954,35800,38817,38684,37776,38724,41979,37488,43643,45723,43819,38539,38498,38599,37655,39424,39727,39860,38144,43572,34456,39502,45022,41973,39007,40242,40270,37483,37290,38835,39476,38443,43267,36286,40564,44669,43144,39330,40626,43397,40432,38253,38388,43771,34929,38333,44597,41203,37274,39313,42453,40560,42534,35331,42464,43266,39952
2h,2,pos,2021/12/16,18:17:23,Fluorescence Top Reading,15 x 15,6000 µm,485 nm,535 nm,9 nm,20 nm,100,2,20 µs,0 µs,0 ms,A2,36828,2863,28357,35963,35689,27091,37158,34738,26679,39375,39087,34711,35880,36828,35086,36342,35839,34596,38593,34593,36755,40408,36201,34857,37090,37842,34964,35964,34077,37025,34369,36691,38304,36765,35212,35452,37099,34861,34973,35282,37461,36226,40363,38372,38586,38786,36706,33862,34397,36908,35192,35390,35900,37927,30036,37608,39517,40301,39402,38652,36534,34718,35390,33802,35449,35574,35232,34845,37149,35796,41019,41102,41325,40749,39230,38474,37404,33254,33331,35450,35915,36247,34918,38877,33716,39007,42447,42659,40217,38698,36587,34603,32784,31811,34954,35475,34873,34972,39798,33427,40569,43733,41350,40000,39212,39585,36688,32661,33197,35824,36242,35950,35046,38752,32909,38088,42799,41681,40624,39645,38758,35752,34072,33752,35515,34887,34440,35172,40357,34830,40493,43408,41182,36951,36106,36978,34102,36548,36173,36634,35164,40543,32120,36914,42087,39124,36689,37380,37599,35507,35163,35978,36502,35805,39783,34158,37188,41703,39721,36110,38253,39627,37689,35573,35913,40501,32272,35515,42360,37825,35013,37245,39344,36353,40385,32628,37925,40055,38022
2h,2,pos,2021/12/16,18:17:23,Fluorescence Top Reading,15 x 15,6000 µm,485 nm,535 nm,9 nm,20 nm,100,2,20 µs,0 µs,0 ms,A3,38427,3326,27532,45498,36384,24909,38114,33931,27175,40165,40146,36030,37336,39301,35631,37445,36744,35768,40632,35600,37392,40958,37889,35790,38303,38893,36934,37553,35775,39300,35924,37889,39369,38275,36542,37313,38900,36945,36219,37379,39260,37528,41545,38645,39337,40144,38645,34720,35313,37849,36252,36300,36856,37615,30650,39002,40889,42115,42051,39912,37460,35031,36728,35408,37568,38351,37813,37470,40861,37397,42993,42630,42753,42613,41749,39979,39215,34026,34413,35364,36360,37291,36406,40743,35354,41606,44484,44434,42453,39925,37663,36291,32855,31803,36250,37913,36890,37313,40087,36040,43354,45584,44602,42673,40452,40762,37093,33281,33837,36767,37155,37391,36936,42239,33928,41252,46103,43894,41130,40221,39616,37408,34875,34801,37095,37105,36393,37387,42002,36847,42460,44613,43529,38548,38341,37652,35505,38084,37772,37821,37346,40723,33029,38590,43685,41530,37853,38791,39078,37769,37484,37946,38047,37952,43527,35827,40056,44107,41482,37595,38929,41590,39385,37295,37709,43840,33678,37740,44635,41295,36888,39479,41526,39947,41825,34569,41033,41957,40920
4h,1,stim,2021/12/13,17:41:10,Fluorescence Top Reading,15 x 15,6000 µm,485 nm,535 nm,9 nm,20 nm,100,2,20 µs,0 µs,0 ms,A1,16418,1493,10160,12126,23114,16602,14266,18113,15205,13910,14624,17102,16708,15814,15112,16811,15946,14771,17938,15513,16271,17222,17163,15519,16741,16019,15473,16013,15023,16680,15369,15781,16394,15797,14807,15018,16189,15390,15377,15915,15867,16663,18151,16853,17149,17260,16371,15090,15193,16680,15949,15566,15115,16834,13032,16510,17503,17614,17446,17407,15773,15065,15537,14728,15109,15673,15605,16004,17406,15840,18518,18384,18568,17948,17360,16804,16603,14457,14966,15930,16374,15811,15422,16671,15283,17628,18682,19239,18128,16895,15000,14605,14581,13907,14874,15869,15763,16150,18075,14936,18489,19639,18822,17889,17330,17631,16626,13441,14309,15979,16394,16044,15744,17987,14497,17140,19614,18838,17518,17251,16993,16257,15236,15033,15726,16071,15628,15910,17792,15357,18510,19053,18456,15734,16176,15980,15699,16351,16836,16873,15895,18163,14251,16435,18776,17679,16104,16560,16759,15837,15533,15936,16612,16337,17941,15270,16971,18619,18360,16381,17277,17838,17069,15811,16160,17933,14148,15964,18510,17408,15774,16343,17559,17034,17946,15042,17775,17519,17154
4h,1,stim,2021/12/13,17:41:10,Fluorescence Top Reading,15 x 15,6000 µm,485 nm,535 nm,9 nm,20 nm,100,2,20 µs,0 µs,0 ms,A2,17015,1417,12376,16731,16367,12837,16950,16184,11960,17698,18159,16322,16737,16851,16258,16570,16649,15511,17801,15803,16976,18131,16907,15919,17237,17145,16168,16883,15205,17019,15744,16555,17527,16668,15795,16013,17059,16474,16050,16314,17505,16951,18921,17335,17691,17648,16631,15402,16071,17212,16489,15997,16264,17674,13199,17490,18652,18934,18132,18242,16461,15958,16263,15575,15945,16315,16376,16529,17437,17029,19212,19012,19004,19217,18238,17407,17034,14968,14997,15617,16563,16643,16216,18119,15272,18715,19433,19853,18619,17681,16272,15628,14776,14161,15670,16515,16392,16460,18725,15567,19189,20478,19546,18253,18096,18045,17059,14757,15192,16521,16873,17288,16486,17969,15148,18152,19821,19526,18387,17869,17736,16831,15376,15551,16035,16269,16605,16715,19156,15990,19118,19727,19183,16610,16616,16348,15879,16969,17327,17370,16626,18463,14727,17233,19497,18764,16709,17052,17263,16424,16105,15996,16897,17009,18734,15974,17579,19170,18376,16706,17807,18400,17753,16614,17079,18764,14907,16851,19471,18133,16402,17021,18018,17141,18334,15381,18213,18154,18043
4h,1,stim,2021/12/13,17:41:10,Fluorescence Top Reading,15 x 15,6000 µm,485 nm,535 nm,9 nm,20 nm,100,2,20 µs,0 µs,0 ms,A3,13447,1262,8121,15870,14688,9349,12875,13264,9332,14389,12930,12803,12713,13882,12297,13564,12659,12463,14405,12203,13329,14172,13757,12441,13565,13212,13128,13093,12060,14075,12465,13404,13198,13857,12253,12674,12788,12909,12761,12884,13724,13271,15117,13288,13901,13638,13560,11577,12583,13003,13338,13054,13018,13694,10639,13361,14105,15248,14034,14801,12602,12336,11888,12461,12325,12989,12692,13589,14087,12649,15880,14813,15197,14436,15002,13247,13932,11244,12104,12650,12956,13236,13144,14322,12184,15306,15048,15925,14579,14279,12432,12713,11051,11412,12257,12823,13196,12938,14420,12322,15306,15872,15608,14212,14434,13757,13424,11146,12144,12648,13494,13188,13121,14874,11803,14373,16181,15921,14208,14283,13418,13318,11936,12233,12898,13190,13125,13296,14984,12776,15529,14609,15768,12739,13603,12129,12948,13137,13946,12996,13620,14674,11815,13651,15191,14707,13289,13444,13334,13337,12640,13324,13333,13578,15068,12076,14408,15585,14848,12676,13942,14083,14701,13185,13385,15550,12075,13356,15101,14926,12744,13779,14119,13979,14601,12225,14461,14598,14750
4h,1,control,2021/12/13,17:41:10,Fluorescence Top Reading,15 x 15,6000 µm,485 nm,535 nm,9 nm,20 nm,100,2,20 µs,0 µs,0 ms,B1,10528,994,3806,8905,10257,8560,10334,9873,9382,10832,10444,9638,10893,10730,9970,10342,9805,10384,10976,9850,10670,10913,10668,9962,10806,10418,10283,10230,9814,10946,9831,10199,10672,10152,9720,9952,10570,10067,9672,10134,10860,10726,11888,10924,11029,10715,10523,9614,10046,10649,10145,10098,10029,10439,8370,10606,11429,11751,11367,11537,10409,9948,9872,9528,10117,10077,9876,9861,11369,10432,12235,12109,11692,11556,11384,10802,10336,8887,9817,9983,10267,10289,9874,11069,9591,11263,12011,12226,11634,11115,10433,9891,9362,8741,9679,10163,9955,9894,11267,10038,12000,12712,12234,11699,11172,11028,10012,8496,9494,10149,10832,10394,10157,11498,9080,11261,12569,12176,11153,11393,11231,10546,9910,9287,9982,10419,9852,9985,11526,10092,11743,12500,11646,10095,10206,10252,9628,10932,10618,10583,10201,11579,9039,10462,12097,11358,10241,10894,11045,10062,9704,10249,10581,10211,11607,9855,11058,12108,11455,10670,11033,11463,11211,10101,10319,11764,9058,10247,12195,11291,10160,10598,11325,10723,11570,9544,11242,11165,11018
4h,1,control,2021/12/13,17:41:10,Fluorescence Top Reading,15 x 15,6000 µm,485 nm,535 nm,9 nm,20 nm,100,2,20 µs,0 µs,0 ms,B2,10374,967,3528,8025,10677,8061,10463,9826,8947,10983,10217,9528,10758,10257,9874,10349,10108,9720,10964,9942,10356,11114,10616,10056,10172,10463,9863,10043,9531,10553,9912,10218,10554,10140,9878,9990,10442,9955,9647,10023,10597,10350,11516,10851,10816,10694,10061,9498,9518,10357,9794,9890,9737,10889,8316,10884,11437,11384,11048,11053,10133,9643,9771,9302,9987,9951,9611,9889,10542,10339,11634,12062,11740,11711,11038,11020,10456,9429,9562,9945,10022,10049,9803,10691,9521,11239,12348,12072,11701,10828,10503,10115,9292,8712,9934,10046,9681,9820,11837,9675,11501,12120,11740,11161,10793,10842,10146,8808,8982,9877,10190,10153,10027,11005,9114,10860,11949,11654,11372,11085,11069,10096,9334,9355,9918,10146,9758,10078,11678,9991,11563,12019,11827,10460,10248,10269,9805,10509,10464,10426,10173,11699,9045,10241,11738,10904,10165,10548,10522,10050,9943,10096,10426,10253,11376,9618,10769,11705,11165,10320,10601,11143,10932,9979,10234,11278,9008,10181,11949,11051,9937,10677,11253,10429,11347,9503,11242,11241,10963
4h,1,control,2021/12/13,17:41:10,Fluorescence Top Reading,15 x 15,6000 µm,485 nm,535 nm,9 nm,20 nm,100,2,20 µs,0 µs,0 ms,B3,10567,1088,4411,9012,16855,10188,8563,12048,9419,9497,9474,11142,11058,9794,9594,10871,9941,9724,11323,10241,10534,11060,10983,9851,10661,10350,10225,10222,9754,10976,9783,10245,10768,10597,9940,10158,10416,10212,9775,10262,10156,11063,11758,10498,10687,10940,10414,9214,9435,10340,10280,10083,10148,11065,8499,10604,11313,11672,11152,11525,10346,9786,9731,9724,10054,10477,9892,10369,11429,10270,12080,11396,11876,11698,11082,11353,11091,9076,9139,9694,10418,10165,10110,10843,9877,11604,12297,12295,11953,10987,10081,9957,8647,8790,9900,10498,9960,10176,11675,9929,12216,12607,12334,11230,11069,11224,10631,8919,8838,10019,10350,10471,9968,11594,9348,10997,12610,12057,11164,10953,10801,10685,9420,9462,10208,10224,10010,10483,11175,10348,11788,11962,12136,10150,10278,10050,9830,10222,10756,10301,10348,11470,9001,10700,12112,11417,10447,10579,10609,10198,10145,10367,10398,10192,11692,9708,10989,11923,11637,10493,10937,11300,11036,10032,10352,11827,9346,10296,11836,11100,9901,10624,11105,10942,11567,9483,11386,11408,11105
4h,1,pos,2021/12/13,17:43:18,Fluorescence Top Reading,15 x 15,6000 µm,485 nm,535 nm,9 nm,20 nm,100,2,20 µs,0 µs,0 ms,A1,37092,3653,20312,25046,54496,35733,30664,42346,32958,32924,33134,38170,37954,36330,34426,37104,36920,33124,38433,35088,36630,37911,39124,36674,37365,36623,35482,36393,33726,39006,35011,36463,36939,36696,33513,34609,37414,36054,35091,35678,38822,36932,41785,37788,38774,38704,36833,33269,34161,36606,35656,34872,35314,36889,29076,37763,39816,40561,39820,40176,35616,33180,33729,34002,34870,34932,34629,36686,39594,35134,43031,42188,42309,40514,39675,36644,36650,31625,34650,36023,36626,36088,35674,38542,33356,40942,43603,43154,40536,37991,35118,34561,31949,31023,33751,35668,34698,36464,39361,34397,42587,44232,43055,40111,38837,37963,35428,29496,33372,36055,36621,36341,36137,40217,31497,39284,44479,43143,38891,39547,38781,36535,32902,33172,35633,36914,36567,36121,41512,34790,40903,42401,43125,36271,36378,35174,35408,36384,37882,37465,36052,39898,31426,37179,42391,40494,36741,36863,37272,35840,34535,36392,37955,37765,41368,34587,38075,41969,40931,36526,39123,39944,38389,35523,36239,41521,31836,36178,41558,39607,36257,37691,39844,38664,40172,33367,40095,39771,39206
4h,1,pos,2021/12/13,17:43:18,Fluorescence Top Reading,15 x 15,6000 µm,485 nm,535 nm,9 nm,20 nm,100,2,20 µs,0 µs,0 ms,A2,31711,2794,23379,36387,30978,23164,31414,30381,22380,33366,32681,30134,30243,31589,29866,31071,30836,29414,33673,29783,31039,34701,31436,29956,31798,31544,30141,30853,28465,32773,29859,31676,33034,31336,28135,29512,31544,30546,29606,30373,30161,32030,35976,32412,32057,32976,31249,28117,28446,30700,30745,30202,30607,33003,24974,32258,34141,34911,33701,34001,31679,29977,28467,28619,30517,31073,29230,30482,34174,31381,37366,35780,35365,34466,33526,31582,30633,27371,28480,30369,31892,31696,30854,32527,28589,33881,36500,37484,35220,33636,30946,29042,26082,26653,30587,31664,29307,29987,36290,29198,36613,38523,35983,33269,32592,32363,31084,26432,28679,30919,32366,32073,30750,33294,27245,33185,38230,37143,33842,34779,33368,31912,27874,28134,30281,31465,29631,30418,34264,30263,35792,36854,35683,31463,30673,30555,29837,31793,32364,32599,31400,34654,26962,31869,36959,34884,31396,32365,32099,30222,29311,30643,31834,30978,35800,29493,32957,35533,34659,31264,32609,33645,32992,31251,32030,35187,28075,30962,35952,33728,29916,31463,33619,32676,34999,28534,33254,34286,33530
4h,1,pos,2021/12/13,17:43:18,Fluorescence Top Reading,15 x 15,6000 µm,485 nm,535 nm,9 nm,20 nm,100,2,20 µs,0 µs,0 ms,A3,30965,2814,18142,31751,31364,22210,30952,30540,22435,33541,29068,31267,29769,32406,29502,31273,30540,27638,32756,27623,31211,31709,31953,27904,31038,30219,30274,29599,27602,31408,28427,31458,31038,31845,29049,29686,30333,30923,29623,29515,32005,31082,35117,30630,31366,31608,31111,27564,28768,29690,30234,29760,30163,31866,24608,31189,32947,34948,32669,34007,29567,28688,27358,28837,28975,30069,29326,30714,30994,31038,36287,34036,34615,34560,33427,30354,30548,26326,28290,28533,30175,30248,30184,32482,27630,33605,35569,36885,34614,33213,29539,28822,25571,26510,27939,30397,29608,30089,35369,28795,36244,37511,36532,33071,32951,32022,30414,25955,27114,29135,30799,30456,30117,32891,27720,32406,36033,36250,33667,33271,30959,30089,27320,28201,29345,30175,29975,31282,34150,29367,36832,35545,36106,29522,30973,28577,30041,30720,30938,30654,30569,31409,28392,32269,34230,32609,31057,30401,30783,30215,29667,30216,30686,30683,34006,28746,32529,34071,34256,29840,31854,33155,33275,29441,30708,35673,27416,30785,35479,33742,29562,31810,32228,32158,34024,27669,33411,33714,34006
4h,2,stim,2021/12/17,17:17:44,Fluorescence Top Reading,15 x 15,6000 µm,485 nm,535 nm,9 nm,20 nm,100,2,20 µs,0 µs,0 ms,A1,14668,1420,8275,9809,22313,14569,11984,17023,13820,12971,12999,15604,15360,13793,13680,15166,13831,13218,15901,13912,14815,15287,15328,13629,14408,14683,14187,14145,13402,15175,13643,14432,14781,14365,13521,13773,14406,14135,13648,14051,14028,14815,16225,14788,15330,15142,14489,13426,13794,14521,14184,13978,14140,15256,11512,14735,15656,16218,15379,15967,14503,14084,13391,13073,14041,14397,13815,14197,15180,13928,16675,16174,16496,15998,15395,14871,14441,12859,13368,13744,14364,14493,13999,14972,13532,15493,16576,17223,16383,15028,13679,13479,12831,12390,13467,14283,13684,14567,16029,13597,16915,17657,16697,15365,15170,15237,14371,11921,12960,14412,14437,14186,13994,15631,12272,15869,17571,16473,15674,15783,15270,14545,13469,13508,14210,14217,13788,14359,15684,14037,16663,16488,16515,14033,14217,14071,13959,14790,14779,14899,14210,15918,12703,14983,16761,15909,14674,14927,15006,14233,13889,14243,14865,14721,16107,13734,15264,16854,16337,14233,15149,15724,15359,14225,14355,16341,12826,14672,16611,15381,14050,14912,15839,15184,16072,13181,15472,15745,15208
4h,2,stim,2021/12/17,17:17:44,Fluorescence Top Reading,15 x 15,6000 µm,485 nm,535 nm,9 nm,20 nm,100,2,20 µs,0 µs,0 ms,A2,15294,1344,9736,16677,15940,10309,14912,13716,10624,15923,16264,14016,14938,15325,14703,15053,14602,14022,16143,14489,15272,16708,15095,14212,15462,15695,14638,14822,13838,15395,14127,15287,15608,15237,14247,14568,15499,14750,14433,14815,15622,15062,16846,15400,15805,15959,15508,13746,14010,15028,14685,14473,14681,16125,12099,15844,16582,16965,16196,16868,14695,14434,14334,13850,14504,14744,15011,14914,15586,14932,17382,16846,17131,16884,16312,15675,15782,13295,13909,14428,14847,14745,14602,16351,13710,16434,17551,17829,16767,15743,14522,14297,13104,12771,14446,14857,14304,14829,16969,13839,17563,18513,17721,16239,16075,16152,15359,12897,13531,14659,15045,14640,14946,16194,13486,15745,17930,17594,16318,16133,16059,15116,14152,14126,14765,14767,14657,15020,16859,14598,17069,17684,17359,14909,15467,14979,14444,14907,15245,15364,14884,16999,13097,15504,17746,16626,15069,15265,15595,14839,14481,15065,15201,15108,16872,14475,15807,17252,16983,15276,15598,16383,15712,14633,15122,17166,13476,15343,17606,16164,14621,15635,16325,15581,16655,13881,16320,16571,16137
4h,2,stim,2021/12/17,17:17:44,Fluorescence Top Reading,15 x 15,6000 µm,485 nm,535 nm,9 nm,20 nm,100,2,20 µs,0 µs,0 ms,A3,12189,1155,7392,10647,12323,8229,12345,11733,8380,13358,12089,11800,11581,12641,11586,12024,11559,11356,13274,11143,12285,12505,12639,11228,12230,11929,12384,11663,10842,12760,11457,12130,12099,12497,11289,11536,11951,12010,11539,11828,12653,11715,13670,11617,12869,12188,12286,10766,11326,11700,11940,11739,11693,12400,9611,12259,12695,13874,13391,13540,11589,11216,10728,11653,11228,11734,11653,12297,12805,11484,14440,13449,13795,13204,13607,12053,12344,10283,11023,11029,12029,11805,11818,12625,11117,13974,14017,14552,13502,13001,11105,11218,9876,10479,11342,12087,11527,12170,13178,11443,14220,14412,14202,12925,13123,12446,11833,10115,10811,11284,11980,11931,11908,13392,10946,13140,14736,14207,12778,13022,11789,12013,10555,11479,11551,12150,11530,12216,13528,11358,14126,13630,14495,11578,12249,11294,11817,11667,12420,11862,12174,13025,10634,12308,13754,13471,11881,12189,12033,11971,11924,12083,12048,12388,13720,11229,13151,13602,13561,11627,12745,12833,12972,11805,12278,14174,10815,12241,13876,13506,11649,12745,12906,13004,13055,10813,13461,13175,13164
4h,2,control,2021/12/17,17:17:44,Fluorescence Top Reading,15 x 15,6000 µm,485 nm,535 nm,9 nm,20 nm,100,2,20 µs,0 µs,0 ms,B1,15858,1445,5735,13345,17104,12541,16559,15702,14881,16407,15546,14805,16555,15739,14990,15865,14808,15059,16691,14932,15900,16655,16082,14895,15469,15896,15467,15398,14561,16350,14770,15448,15981,15968,14309,14934,15624,15115,15162,15031,16098,15834,17703,16103,16805,16458,15930,14603,14754,15814,15801,15287,15266,15830,12694,16079,16647,17332,16978,17369,15616,14770,14024,14298,15287,15881,14920,15238,16788,15794,18195,17576,17942,17282,16857,15811,15438,13633,14563,15167,15571,15526,15227,16511,14517,17202,18169,18351,17365,17221,15835,14968,13778,13076,14806,15790,14751,15140,16994,14772,17914,18548,18075,16958,16554,16309,15544,13305,14047,15394,15791,15682,15346,17124,13924,16569,18948,18300,16858,16938,16830,15913,14404,14322,14939,15643,15142,15479,17636,15381,17968,18461,17852,15182,15387,15071,15298,15805,16343,16058,15395,17103,13878,16015,18193,17221,15847,16099,16505,15393,15047,15446,15719,15555,17735,14789,16549,17656,17305,15329,16432,16960,16499,15692,15597,17966,13837,15693,18191,17084,15437,16181,16708,16200,17341,14021,17087,16786,16733
4h,2,control,2021/12/17,17:17:44,Fluorescence Top Reading,15 x 15,6000 µm,485 nm,535 nm,9 nm,20 nm,100,2,20 µs,0 µs,0 ms,B2,16369,1540,5790,11996,17341,13152,16702,15950,15108,16775,15647,15273,17218,16318,15469,16135,16307,15484,17343,15711,16434,17069,16689,15532,16634,16352,15736,15742,14776,16370,15071,16098,16817,16445,15479,15791,16417,15858,15299,15639,16830,16230,18365,16688,16770,17000,16699,15013,15427,16140,15667,15669,15693,17044,12901,16672,17916,17997,17360,17716,16167,15408,15053,15082,15873,16024,15684,15757,16567,16332,18540,18255,18733,18137,17726,16571,16059,14312,14820,15267,15974,15968,15648,17296,15291,17555,18909,19085,18335,17232,16264,15599,14110,13341,15157,15849,15421,15871,18098,15074,18896,19775,18676,17478,17277,17354,16057,13544,14490,15499,16199,16217,16019,17452,14424,16936,19280,18923,17466,17335,17057,16289,14862,14904,15877,15761,15308,15876,17953,15377,18594,19030,18428,15678,16050,15534,15593,16107,16400,16454,15790,18387,14086,16830,19195,17515,16579,16414,16858,15868,15708,16127,16729,16020,17691,15350,17213,18217,17615,15977,17145,17493,17255,15744,16130,18511,14073,16330,18878,17563,15835,16620,17316,16495,18090,14634,17687,17604,17148
4h,2,control,2021/12/17,17:17:44,Fluorescence Top Reading,15 x 15,6000 µm,485 nm,535 nm,9 nm,20 nm,100,2,20 µs,0 µs,0 ms,B3,15113,1597,6236,12861,25112,14674,12096,17729,13888,13846,13352,15887,15805,14091,13757,15262,14435,13811,15945,14271,15185,15646,15676,14370,15009,15136,14352,14704,13727,15448,14430,14657,15758,15072,13928,14585,15547,15021,14346,14374,14497,15157,16805,14884,15400,15622,15028,13735,13694,14707,14260,14334,14327,15705,12002,15201,16363,16624,16085,16452,14417,13856,13182,14042,15084,14814,14028,14685,16014,14645,17623,16601,16646,16304,16111,15647,15178,12893,13186,14211,14707,15051,14751,15186,13954,15998,17363,17370,16526,16067,14710,14310,11884,12178,14551,15051,14153,14770,16884,13880,17541,18134,17384,16104,15946,16019,14900,12645,12990,14312,15327,14915,14485,16493,13103,15918,18338,17536,15793,16015,15756,14963,13343,13367,14872,15151,14538,14983,15841,14507,17357,17162,16918,14549,14836,14433,13840,14965,15218,14832,14591,16719,12930,15239,17342,16075,15134,15269,15055,14580,14511,14918,15058,15016,16789,14135,15436,17282,16332,14782,15228,15936,15408,14487,14869,16637,13228,14829,17159,15772,14325,14968,16253,15438,16577,13588,16179,16166,15924
4h,2,pos,2021/12/17,17:13:52,Fluorescence Top Reading,15 x 15,6000 µm,485 nm,535 nm,9 nm,20 nm,100,2,20 µs,0 µs,0 ms,B1,35444,3353,11839,27589,35941,28713,36034,35079,32433,36488,33266,34123,36931,34729,33216,35754,32621,33476,37091,32674,35984,36665,36415,33635,35048,35421,34362,34974,32238,37182,33287,34933,35722,36406,32866,33961,35037,34993,33362,33888,36569,34492,39458,35489,37297,36705,35793,32257,33513,35219,33769,33533,34035,35730,27787,35773,37861,39588,37689,38587,34168,33250,32105,32012,33589,34583,33697,34658,37402,34375,41434,39420,40369,38777,38305,36047,34807,30069,32859,33078,34840,34856,34395,37832,32546,38592,40875,40643,38937,37090,33923,34053,30962,29160,32218,34953,33251,33799,37495,33466,40865,42031,40824,37848,37472,36384,33888,29527,32676,34038,35083,34533,34555,39159,31604,36877,42377,41318,37910,38484,36573,35341,32247,32308,34151,34568,33770,34188,39244,33619,40060,40635,40607,33997,34819,32967,34193,35223,35547,35098,34719,39006,31489,36345,40877,38875,34833,35997,36242,34647,33666,35110,35390,35028,38734,32876,37119,40106,39343,34976,36799,37751,37543,34759,34708,40503,30740,35245,41276,38499,34238,36158,37965,36311,39013,31675,38431,38084,37511
4h,2,pos,2021/12/17,17:13:52,Fluorescence Top Reading,15 x 15,6000 µm,485 nm,535 nm,9 nm,20 nm,100,2,20 µs,0 µs,0 ms,B2,39072,3667,13011,29640,40000,34606,40011,38604,36728,39994,36908,37127,41202,38128,36900,39246,39200,36591,41466,35865,39124,40167,40290,36398,39138,38963,38398,37239,36448,39976,35881,38217,40294,39025,35342,36576,39177,38458,37336,37958,40840,38814,43371,38862,39872,40412,39015,35559,36410,38846,37813,37195,37467,40781,31053,39937,42473,43625,41129,42608,37608,36383,35094,36143,37383,38742,37914,38979,40032,39320,45458,42672,44274,42825,42346,40212,38876,33576,35584,36932,38185,38241,37754,40841,35555,42974,44312,44744,43348,41495,38476,36983,33155,32463,36357,38502,36575,38016,44000,35731,44311,46468,44347,41954,41222,40311,38584,32025,34186,36696,38917,37935,37709,42378,34423,40231,45935,46099,42906,41935,40533,38499,34633,35359,37689,38321,37452,38916,43129,36992,44539,44292,44465,37366,38669,36297,36971,38634,39681,38519,38202,43298,34139,40496,45253,42892,38141,39279,39834,38266,36938,38399,38806,39013,42790,36523,40505,43503,43092,37813,40152,41464,41006,37292,38758,44162,35232,38284,45030,41708,36648,39489,41621,41233,42994,34940,41971,41740,41500
4h,2,pos,2021/12/17,17:13:52,Fluorescence Top Reading,15 x 15,6000 µm,485 nm,535 nm,9 nm,20 nm,100,2,20 µs,0 µs,0 ms,B3,32737,3417,13765,27297,53866,32399,26452,37474,30126,29633,28738,35751,35043,31149,29402,33145,31380,29590,35793,30800,32647,33967,33797,30432,32241,32356,31642,31780,29885,33821,31001,32280,32903,33349,30807,31220,33013,31858,30778,31346,31527,33631,36031,32314,33092,34239,32821,29041,29727,31716,31471,31109,31272,34425,25721,33316,35193,36261,33906,35073,32031,29997,28878,30621,31545,32647,31337,32021,35723,32317,37845,35511,36510,36029,35574,33672,33470,27611,28838,30450,31402,31788,30789,33619,30380,35740,37504,38471,36540,33906,31779,31268,27698,26514,30610,32279,31252,31400,36819,30448,38070,38778,37056,34678,34623,34210,31904,26755,28531,31017,31739,32100,32134,35364,28416,35186,39135,37118,34601,34588,33728,32757,28919,29458,31846,32536,31465,31848,34464,31593,37172,36893,36975,31362,32047,30776,30302,31799,32653,32321,32062,35836,27830,33539,37513,35164,32222,32477,32843,31833,31233,32302,32318,32061,36280,30883,33634,36795,36000,31455,32964,34769,34208,31140,32430,36669,28710,31798,36702,34498,31462,32729,34707,33179,35515,29440,35379,34828,34554
8h,1,stim,2021/12/13,19:08:09,Fluorescence Top Reading,15 x 15,6000 µm,485 nm,535 nm,9 nm,20 nm,100,2,20 µs,0 µs,0 ms,A1,17681,1714,9839,12606,27244,17158,14178,19360,16941,15204,16041,18905,18496,16512,16087,18025,16795,15677,18942,16886,17687,18476,18268,16572,17704,17547,17123,16995,16413,18274,16737,17103,17894,17339,15904,16454,17299,17074,16518,16944,16972,18017,19266,17859,18311,18204,17637,16204,16483,17954,17238,16863,16700,18172,14249,18150,19175,19262,18488,19311,17558,16820,16457,15902,16122,16814,16774,17304,18747,16874,20293,19581,19541,18971,18823,18121,18251,15244,15988,16764,17791,17240,16838,18187,16534,18789,19975,20570,19617,18452,16420,15636,15256,15137,16044,16615,16677,17089,19400,15973,20018,21129,20374,18474,18790,18862,18202,14886,15390,17104,17806,17414,16842,19244,15603,18404,21107,20304,18487,18853,18458,17412,16277,16047,16801,17030,16583,17254,18932,16774,19939,20034,19805,16843,17271,17194,17077,17686,17804,17779,17183,19591,15118,17842,20185,19134,17349,17784,18176,16907,16721,17303,17800,17160,19692,16477,18552,20135,19885,17685,18381,19361,18466,17049,17351,19707,15421,17153,19870,18607,16922,17558,18893,18241,19347,16191,19206,19244,18703
8h,1,stim,2021/12/13,19:08:09,Fluorescence Top Reading,15 x 15,6000 µm,485 nm,535 nm,9 nm,20 nm,100,2,20 µs,0 µs,0 ms,A2,19410,1671,14783,25025,16702,13757,18828,18299,13627,20198,19778,18012,18884,19310,17949,18929,18419,17964,19959,18620,18791,21190,19025,18285,19681,19622,17923,19032,17238,19003,18172,19165,19958,18774,18365,18450,19472,18330,18173,18473,19682,18750,21407,19765,20117,20424,19188,17560,17907,19375,18715,18529,18549,20292,15674,19893,20815,21328,20701,20793,19380,18390,18340,17673,18379,18811,18700,18555,19488,18974,21543,21936,21877,21833,20559,20169,19501,17138,17238,18349,18784,19033,18257,20757,17884,20602,22254,22618,21442,20085,18659,17929,17625,16359,18099,18551,18338,18556,21640,17933,22037,23433,21766,21038,20439,21271,19318,16594,17164,18686,19402,19307,18470,20154,17070,19762,22524,22367,21647,21090,20467,18816,17973,17787,18781,18699,18422,18691,21816,18222,21517,22302,21556,19269,18981,19046,18003,19429,19319,19485,18742,21473,17119,19402,22367,20622,19059,19721,19958,18541,18768,18988,18896,19500,21699,18433,20055,21722,21135,19145,20185,21218,20381,18654,19215,21303,17079,19350,22390,20492,18709,19800,20816,19519,21322,17567,20768,21222,20162
8h,1,stim,2021/12/13,19:08:09,Fluorescence Top Reading,15 x 15,6000 µm,485 nm,535 nm,9 nm,20 nm,100,2,20 µs,0 µs,0 ms,A3,17856,1610,11481,22669,16318,11813,16475,16262,12403,17786,18136,16412,17112,17327,16637,17769,16309,16692,18825,17306,17787,19325,17262,16520,17799,18063,16747,17521,16508,18101,16661,17690,18655,17605,16909,16929,17506,17229,17003,17376,17580,17214,19941,17894,18806,18477,17618,15654,15987,17397,17356,17078,17069,17383,14909,18225,19981,19668,19499,18456,17509,16972,16646,15954,17311,17643,17513,17206,19556,16902,20467,19877,19766,19458,19340,18821,18177,15544,15698,17502,17234,17477,16990,18975,16411,19455,20844,20863,19954,18317,16888,16747,15382,15002,16769,17764,17520,17491,19169,16846,20399,21089,20924,19698,18881,18922,17047,15298,16124,17810,17611,17493,17267,19175,15696,19084,21214,20738,18799,18813,17981,17522,16149,15965,16849,17603,17190,17724,20004,17127,19759,20793,20214,17709,17886,17323,16735,17659,18288,18011,17144,19524,15565,18097,20305,19128,17562,17700,18284,17335,16997,17585,17900,17635,19916,17112,18488,20547,19522,17296,17996,19371,18467,17319,17526,20116,15810,17770,20571,18980,17309,18139,18790,18073,19508,16364,19052,19183,18868
8h,1,control,2021/12/13,19:08:09,Fluorescence Top Reading,15 x 15,6000 µm,485 nm,535 nm,9 nm,20 nm,100,2,20 µs,0 µs,0 ms,B1,11960,1172,3735,9411,10627,9805,11590,9632,9878,12460,11726,11103,12610,12186,11347,11676,10974,11334,12420,11160,11970,12634,12542,11449,12239,12320,11651,11634,11225,12349,11120,11461,12254,12135,11085,11284,12020,11496,11462,11382,12267,11965,13516,12198,12686,12686,11946,10798,11154,12134,11912,11523,11463,11913,9397,12113,12648,13141,13276,12957,11805,11153,11198,10668,11124,11402,11137,11403,12847,11767,13907,13302,13662,13201,12874,12310,11940,10386,11108,11517,11851,11709,11480,13007,11019,12843,13828,13928,13107,12587,11696,11373,10609,9863,11149,11914,11423,11652,13022,11264,13751,14169,13966,12963,12832,12529,11695,9994,10667,11663,12012,11682,11448,13047,10826,12623,14334,13801,12925,13115,12768,11736,10758,10672,11593,11663,11025,11748,13160,11436,13530,14024,13721,11676,11696,11384,11383,12148,12182,11845,11439,12936,10291,12005,13557,12910,12042,12131,11997,11647,11299,11883,11971,11771,13120,11479,12425,13644,13603,11778,12555,12533,12419,11552,11794,13484,10575,11742,13804,12603,11431,11939,12807,12089,13317,10688,12805,13082,12380
8h,1,control,2021/12/13,19:08:09,Fluorescence Top Reading,15 x 15,6000 µm,485 nm,535 nm,9 nm,20 nm,100,2,20 µs,0 µs,0 ms,B2,12588,1122,4867,9634,12896,10965,13080,11867,11891,12947,12449,11666,13193,12638,11973,12481,12517,11671,13128,11994,12624,13338,12760,11862,12828,12480,11726,12121,11530,12646,11677,12299,12969,12423,11739,11915,12999,12034,11933,12223,12951,12804,13876,13150,12835,13170,12370,11356,11545,12785,11901,11875,12102,13240,9999,12804,13504,13886,13275,13751,12516,12109,12000,11558,12016,12378,12117,12026,12805,12483,13968,13949,14136,14283,13196,13128,12881,11208,11251,11853,12530,11928,11959,13258,11288,13431,14694,14612,13946,12937,12687,12100,11413,10496,12014,12463,11680,11985,14023,11602,14547,14871,14168,13686,13042,13207,12169,10617,10879,12142,12386,12148,12070,13407,11220,12801,14736,14450,13939,13474,12933,12409,11692,11403,12186,12315,11924,12089,13799,12075,13891,14558,13955,12543,12457,12139,11617,12714,12569,12573,12078,13661,11179,12718,14480,13703,12632,12788,13121,12152,12058,12381,12842,12336,13683,11824,13003,14212,13767,12406,13126,13734,13074,12047,12347,13885,10904,12498,14439,13397,11883,12793,13448,12610,13738,11295,13406,13696,12768
8h,1,control,2021/12/13,19:08:09,Fluorescence Top Reading,15 x 15,6000 µm,485 nm,535 nm,9 nm,20 nm,100,2,20 µs,0 µs,0 ms,B3,12220,1267,5079,10472,19515,11753,9756,14282,11135,11265,10900,13085,12887,11764,11094,12541,11812,10982,13324,11927,12175,12896,12516,11294,12210,12269,11667,11997,11490,12292,11450,11906,12613,12315,11342,11326,12044,12110,11458,11527,11815,12537,13286,12253,12517,12971,12145,10729,11104,11965,11781,11646,11700,12742,9759,12214,13259,13701,13150,13225,12093,11325,11154,10981,11863,11994,11631,11718,13344,11847,13764,13604,13756,13441,13031,12940,12751,10477,10483,11403,11810,11989,11538,12527,11377,13320,13941,14276,13689,12833,11871,11745,10217,9804,11579,11964,11331,11599,13602,11150,14065,14556,13999,12813,12841,12839,11859,10163,10413,11609,11922,11728,11538,13142,10594,12716,14661,14063,12824,12989,12816,12175,10750,10974,12067,12147,11361,11738,12918,11637,13884,13893,13995,11861,11583,11664,11416,11922,12344,12091,11747,13628,10546,12304,14047,13194,11994,12300,12313,11737,11742,12099,12225,11666,13535,11443,12694,13876,13153,12183,12491,13035,12694,11691,11754,13465,10610,12168,13719,12615,11712,12446,12978,12380,13319,11081,13072,13148,12815
8h,1,pos,2021/12/13,19:10:15,Fluorescence Top Reading,15 x 15,6000 µm,485 nm,535 nm,9 nm,20 nm,100,2,20 µs,0 µs,0 ms,A1,46549,3949,28223,32618, ,46731,37894,50102,46315,40633,41975,48752,49462,44414,42485,47362,44494,41619,49861,44030,46368,47874,49172,43940,46259,46125,45577,45062,42573,48932,43791,44365,46735,46514,42815,44169,46523,44585,44152,46067,44500,47687,51923,47165,48062,48050,46442,42334,43871,46569,45749,44327,44667,48569,36600,47585,50616,51610,49163,50457,45640,43812,42933,42889,43786,44995,44445,45384,49085,45301,53240,51768,52301,50323,49717,47406,46262,40626,42855,44670,46551,45272,44702,47127,42851,48742,52646, ,52158,48769,43684,41830,39943,40478,43627,44473,43649,45504,50742,42467,53486,55325,52773,48864,49038,49073,46998,38838,42061,45588,47030,45888,45288,50995,40349,48825,55072,53598,49532,49804,47794,45319,43056,42882,44969,45635,44394,45405,50587,44611,52313,52991,51920,45096,45024,44530,45159,46911,46994,46899,46206,51166,40322,46867,53545,50031,45465,46905,47665,45551,43892,45806,47028,46058,51541,43965,48388,53386,51884,46153,47971,50895,48545,44540,45652,52054,41240,45725,53066,49587,45118,47207,51052,49354,50113,42812,50996,50545,49684
8h,1,pos,2021/12/13,19:10:16,Fluorescence Top Reading,15 x 15,6000 µm,485 nm,535 nm,9 nm,20 nm,100,2,20 µs,0 µs,0 ms,A2,52092,3871,38847, ,45497,40102,52218,52149,37834,55350,53998,51954,51841,53932,49305,52487,51543,48167,55729,49098,52532,56395,52918,49207,52210,53293,50490,50426,48410,53746,47847,51669,53970,51803,48926,50181,52711,51134,49051,51019,53845,51166, ,53743,54761,54336,52704,47497,49408,52668,50936,50191,50405,54422,41740,54068,57032, ,55643,56641,51273,49519,49095,48894,49429,50799,50948,51441,52719,51973, ,59622, ,58160,56147,54083,52720,46302,47567,50311,51189,51103,50273,55301,48087, , , ,57757,55259,50970,48189,45688,45240,50055,51080,49882,51285,57849,48099, , , ,56787,55717,54975,51811,44376,48090,51213,52789,51666,50120,55615,46840,54649, , ,56831,56333,54938,51863,48276,49063,51305,51613,50657,51197,58329,50155, ,60774,59898,51418,51173,50224,50812,52790,53312,52900,50773,57568,45317,53847, ,56523,52151,53037,53471,51087,50246,51898,53261,52512,58360,50008,54222,58372,57216,51822,54715,57371,54856,50617,51649,59039,45860,51916,60024,55889,50237,53568,56534,54808,56993,47357,56240,57349,56215
8h,1,pos,2021/12/13,19:10:17,Fluorescence Top Reading,15 x 15,6000 µm,485 nm,535 nm,9 nm,20 nm,100,2,20 µs,0 µs,0 ms,A3,47148,4087,31325, ,50695,35500,47142,42661,35090,47500,49214,45606,46256,46651,43946,46641,46163,43182,51533,43298,47234,48474,48337,43249,46884,46720,46315,45964,42635,49144,43831,46367,47201,49001,43302,45111,45594,46475,43685,44764,48917,46194,52567,46488,48705,47649,46706,40880,43455,46038,45890,45180,45504,46525,37282,47719,50582,53139,50804,51368,44307,44076,42590,43935,44544,45223,45218,46859,49690,45447,54549,52465,52945,50862,52115,46985,48772,39991,42895,44506,46294,46669,45637,49084,41909,51957,53996,55316,51682,49276,44740,44042,39374,40891,44297,46165,44817,46089,49885,44347,53102,55393,54412,50414,49629,49661,45694,39551,42582,44499,46599,45984,45668,50773,40729,50814,56310,55136,49457,50678,47587,47008,41613,43927,45490,46196,44890,47164,53041,44591,53476,53602,54808,44934,47250,43630,45672,46441,47527,46406,47102,50395,40352,47315,53504,51713,46145,47444,46462,46316,45260,46389,46185,47643,52928,43596,49529,53008,52447,45668,48938,49832,50264,45528,46499,54064,41605,45937,53098,51509,45296,48043,49863,50000,50735,42340,51400,50988,51713
8h,2,stim,2021/12/17,18:23:47,Fluorescence Top Reading,15 x 15,6000 µm,485 nm,535 nm,9 nm,20 nm,100,2,20 µs,0 µs,0 ms,A1,15614,1439,10194,11894,22200,15365,13627,18238,14278,13873,13882,16353,16065,15322,14361,16211,14965,14055,17238,14441,15683,16066,16178,14695,15620,15216,15052,15106,14309,16011,14694,15041,15739,15509,14240,14393,15298,15101,14504,15130,16004,15239,17468,15543,16500,16064,15616,14043,14561,15507,15223,14936,14865,15203,12046,15891,16693,16987,16609,16915,15349,14571,14127,13695,14560,15099,14820,15230,16506,14829,18075,17572,17505,16874,16779,15556,15532,13283,14228,14893,15465,15508,14936,16132,14120,16796,17844,18007,17018,16435,14536,14142,13153,13087,14636,15351,14430,15120,16955,14396,18101,18855,17770,16645,16215,15896,15221,13004,14016,14907,15450,15416,15230,16665,13811,16471,18608,17859,16426,16706,16343,15582,14024,14009,15204,15395,14766,15162,17141,14422,17389,18277,17691,15139,14864,14840,14807,15336,15773,15683,15585,16972,13550,15507,17826,16982,15222,15836,15784,15006,14620,15225,15753,15289,17181,14552,16227,17872,17526,15316,16344,16828,16425,15084,15404,17716,13624,15349,17967,16942,14814,15317,16644,16237,16737,14184,16702,16968,16158
8h,2,stim,2021/12/18,18:23:47,Fluorescence Top Reading,15 x 15,6000 µm,485 nm,535 nm,9 nm,20 nm,100,2,20 µs,0 µs,0 ms,A2,17518,1531,12549,22956,18276,12566,17376,16848,12065,18466,18756,16184,16569,17542,16436,17170,16898,16403,18152,16301,17233,18918,17290,16099,17446,17808,16735,17473,16202,17922,16035,17397,17504,17467,16241,16732,17601,16924,16284,16860,16641,17924,19124,17465,18043,18226,17278,15724,15885,17211,17064,16735,16989,18259,14020,17828,19002,19546,18502,18882,16868,16353,16608,15771,16037,16746,16765,17222,18662,16805,20113,19261,19619,19294,18798,17941,17798,15494,15772,16489,17166,17297,16583,17835,16370,18924,19723,20301,19404,18162,16602,16036,15156,14919,16289,16714,16421,16892,19213,15823,19939,20946,20009,18371,18110,18189,17113,14756,15501,16708,17167,17197,16600,19167,15297,18261,20489,20405,18576,18781,17948,17029,15805,16116,16835,17166,16799,17452,19081,16683,19783,20117,19875,16896,17505,17105,16798,17606,17642,17663,17173,19572,14968,17793,19777,18874,17338,17710,17673,16984,16658,17168,17303,17316,19890,16208,18053,19650,19047,17066,17900,18962,18189,16734,17220,19288,15440,17450,20013,18639,16439,17927,19099,17999,18879,15949,18906,19330,18353
8h,2,stim,2021/12/19,18:23:47,Fluorescence Top Reading,15 x 15,6000 µm,485 nm,535 nm,9 nm,20 nm,100,2,20 µs,0 µs,0 ms,A3,16319,1469,11149,19111,13994,11516,15889,15211,11224,17539,17337,15189,15363,16226,15367,16101,15776,15121,17239,15079,16294,17816,16265,14657,16691,16477,15517,15718,14702,16641,15304,16411,17331,16290,15217,15339,16408,15701,15259,15614,16585,16062,18087,16579,16636,17103,15991,14672,14842,15826,15708,15599,16000,16936,13020,16560,18076,18422,17233,17743,15960,14892,14726,14881,15872,15958,15469,16167,16588,16273,18660,18000,18209,18132,17391,16994,16692,14379,14264,15095,15673,16147,15792,17145,14642,17974,18914,19160,18320,16653,15860,14931,13846,13683,15498,16059,15596,15727,18229,14938,18559,19756,18889,17349,17282,17010,16044,13795,14253,15381,16261,15922,15624,17489,14232,17011,19559,18678,17336,17589,16718,15760,14610,14814,15923,15941,15434,16077,17965,15525,18607,18543,18648,15955,16177,16120,15121,16109,16277,16502,15998,18176,14033,16374,18866,17716,15999,16351,16528,15702,15739,16355,16314,15905,18059,15307,16825,18186,17791,16004,16858,17613,16981,15529,16384,18395,14593,15973,19294,17318,15644,16705,17608,16727,17753,14624,17481,17377,17384
8h,2,control,2021/12/20,18:23:47,Fluorescence Top Reading,15 x 15,6000 µm,485 nm,535 nm,9 nm,20 nm,100,2,20 µs,0 µs,0 ms,B1,11227,1062,3948,8792,12467,9058,11787,11270,10316,11469,10648,10430,11730,11187,10537,10994,11273,10251,11919,10404,11327,11668,11640,10541,11454,11163,10791,10667,10364,11264,10591,10956,11619,11510,10510,10634,11019,10767,10629,10562,11498,11020,12664,11292,11694,11703,11009,10101,10660,11428,10840,10639,10823,11988,8910,11331,11924,12459,11712,12426,11026,10867,10228,10143,10657,10736,10798,10660,11356,11353,12641,12523,12819,12252,11945,11355,10931,9774,10169,10737,11301,11105,11032,11983,10222,12068,12912,13140,12317,11861,11048,10903,9990,9224,10177,10816,10481,10836,12711,10348,13188,13322,12833,11538,11780,11680,11204,9150,10143,10776,11206,10917,10855,12019,10119,11649,13356,12876,12312,11985,11642,10965,10114,10266,10795,11156,10567,11051,12406,10581,12781,13096,12624,10419,10972,10646,10885,11085,11121,11112,10975,12445,9714,11572,13171,12376,10882,11404,11602,10889,10459,10995,11158,10879,11907,10713,11750,12562,12666,11128,11587,11988,11419,10542,11081,12602,9590,11138,12915,11937,10704,11454,11757,11753,12286,9891,12524,12061,11776
8h,2,control,2021/12/21,18:23:47,Fluorescence Top Reading,15 x 15,6000 µm,485 nm,535 nm,9 nm,20 nm,100,2,20 µs,0 µs,0 ms,B2,11681,1131,3760,8538,12552,9767,12173,11545,10958,12855,10933,10925,12442,11716,10891,11562,11553,10821,12522,11091,11765,12306,11844,10835,11617,11678,11361,11396,10689,12140,10689,11297,11913,11547,10766,11117,11828,11702,10996,11293,11332,12123,13094,11809,11910,12326,11710,10593,10594,11320,11443,11250,11267,11908,9292,12110,12599,12902,12395,13012,11501,10991,10379,10711,11244,11761,11130,11527,12602,11702,13904,12947,12984,12943,12667,11898,11384,10096,10390,11097,11570,11384,11198,12226,10842,12477,13520,13531,12939,12214,11509,11306,9787,9488,10940,11491,10750,11442,13001,11197,13625,14123,13054,12431,12363,12082,10981,9727,10321,11232,11906,11334,11373,12670,10323,12276,13869,13526,12295,12636,12196,11486,10209,10423,11671,11369,10868,11516,12206,11036,13106,13334,13295,11361,11224,11116,10882,11574,11597,11648,11255,13118,10210,11761,13455,12832,11818,11903,11693,11039,11299,11469,11699,11379,13051,10912,12121,13154,12789,11678,12226,12494,12022,11203,11387,13019,10165,11435,13352,12086,11124,11753,12328,12048,12958,10365,12443,12874,12322
8h,2,control,2021/12/22,18:23:47,Fluorescence Top Reading,15 x 15,6000 µm,485 nm,535 nm,9 nm,20 nm,100,2,20 µs,0 µs,0 ms,B3,11467,1199,4773,9712,18731,11343,9159,13956,10324,10520,10056,12052,11999,10862,10609,11672,11139,10378,12274,11031,11432,11882,11798,10552,11456,11494,11221,10994,10550,12032,10629,11253,11834,11557,10892,10748,11323,11184,10686,10975,11879,11118,12828,11199,11992,12142,11708,10175,10314,11217,11051,10912,10909,11438,8965,11604,12195,12690,12712,11828,10472,10363,10420,10345,11178,11392,10894,11134,12145,11029,13142,12446,12693,12689,12485,12192,11961,9796,9834,10667,11179,11137,11039,12242,10778,12603,13487,13321,12722,11968,11191,11053,9775,9299,10483,11482,10934,11272,11891,10671,13132,13502,12969,12282,11918,12016,11462,9519,9893,11081,11323,11211,10922,12498,10028,12327,13753,13079,12020,11940,11839,11361,10301,10474,11012,11155,11006,11075,12411,10721,12977,12831,13159,10993,11178,10936,10631,11179,11490,11334,11093,12186,9949,11218,12992,12224,11404,11221,11531,11031,10962,11384,11507,11216,12638,10733,11706,12889,12906,10987,11650,12124,11715,10992,11342,13011,10050,11323,13310,12198,10959,11549,12052,11735,12336,10439,12257,12040,12052
8h,2,pos,2021/12/23,18:25:57,Fluorescence Top Reading,15 x 15,6000 µm,485 nm,535 nm,9 nm,20 nm,100,2,20 µs,0 µs,0 ms,A1,39447,3739,22645,26294,56521,40816,32908,43085,40416,34191,35280,42190,42393,37064,36138,40455,37434,34879,42669,37036,39124,40601,41528,36651,39193,38950,39062,38229,36002,41144,36807,38854,39941,40136,36171,37484,39287,38178,37012,38523,38095,40325,44045,39301,40766,41345,39590,35732,36969,39230,38354,37886,38089,41659,31028,39698,42387,43698,41298,43335,37618,37555,35351,35987,36539,38492,37356,38806,41348,37418,45589,43595,44547,42668,42456,39322,39784,33579,35591,36039,38874,38543,38001,40032,36911,42280,44544,46127,43827,41135,36588,36225,33907,33652,36175,37581,37374,38892,42773,36143,45815,46611,45722,41085,41128,39838,39240,32683,34919,37171,39801,38619,37922,43110,34363,41340,46393,45511,41780,42316,40256,39715,36072,35507,37932,38439,37790,38868,42720,37790,44946,44381,44817,37675,38135,37467,38392,38270,39554,39229,38514,43489,34106,39875,45745,43005,38111,39629,39670,38493,37124,38550,39225,39133,43565,36315,41103,44746,43886,38624,40724,41927,40646,37231,39089,44028,34275,38272,44415,41894,37494,39600,42230,41516,43091,35371,42757,42247,41710
8h,2,pos,2021/12/24,18:25:57,Fluorescence Top Reading,15 x 15,6000 µm,485 nm,535 nm,9 nm,20 nm,100,2,20 µs,0 µs,0 ms,A2,45782,3865,32027,37875,45473,31943,44497,43072,32919,49277,49247,43815,44093,45846,43980,45513,44557,41818,48556,42617,45955,49351,46174,43179,46938,46488,44410,44657,42284,47256,42226,45805,47784,45937,42617,43732,45584,44032,43055,44684,46699,45051,50014,46121,47263,48448,45858,41572,41878,45620,44724,44267,44673,48398,36698,47149,49911,51119,48898,49303,44136,43078,42255,42229,42521,44367,44204,45012,46154,45105,51254,49990,51494,50933,48900,47032,47110,39629,40935,43854,45320,45171,44567,48470,42159,50015,52740,53357,50534,47777,43515,43319,38961,38225,42738,44586,43320,44356,49612,40784,51122,54475,52434,48530,47824,47596,45939,38345,40726,44447,45600,45422,44909,48639,40826,47612,54085,53081,48947,48887,46820,44975,41428,41759,43891,44478,43634,45526,50326,42907,50133,52581,51889,44851,44795,43748,44034,45513,45918,46053,44684,50538,40607,46748,53142,50122,44511,45730,46180,44124,43400,44469,45708,45190,49957,42541,47148,50675,50409,43576,47046,49465,47953,44026,45664,51440,40606,45599,52364,49315,43455,46284,49283,47660,49288,40827,48617,49431,48237
8h,2,pos,2021/12/25,18:25:57,Fluorescence Top Reading,15 x 15,6000 µm,485 nm,535 nm,9 nm,20 nm,100,2,20 µs,0 µs,0 ms,A3,44819,4100,28847,34401,43703,29321,42854,41596,31313,47125,47456,41917,42852,45390,42168,43755,41821,42225,47611,41033,44308,48003,45097,41161,44560,44979,44085,43678,40445,46728,42121,44982,45625,45994,41726,43035,44297,43449,42100,43260,45912,44372,49933,44111,46216,46626,44517,39586,41023,43961,43625,43321,43283,44793,35812,44881,47081,51520,48699,48654,42889,41701,41317,41877,41959,43411,43037,44618,47911,43064,51848,48718,50577,49477,49302,46295,46977,38334,39234,41622,44318,44268,43106,48012,41104,49692,51320,52534,49117,46654,42227,42340,37346,38175,41331,44376,42132,44591,47684,42392,51025,52498,51730,48299,47738,46373,44408,38097,38604,42187,44758,44402,43385,48781,39790,48289,54027,52105,47519,47878,45642,44874,40156,40854,43135,44258,43171,44331,50053,42470,51281,50863,51739,43136,45047,42966,42958,43873,45076,44132,44309,48497,38988,44904,51121,49488,44062,44959,45659,44521,42846,44109,45496,45221,50403,42451,47488,50260,50006,43448,46322,47743,46789,42769,44833,51279,39498,44544,52185,48739,42253,46528,47689,47052,48830,41113,48205,48292,48284
24h,1,stim,2021/12/14,18:50:55,Fluorescence Top Reading,15 x 15,6000 µm,485 nm,535 nm,9 nm,20 nm,100,2,20 µs,0 µs,0 ms,A1,20395,1878,12658,14919,29542,20680,17335,22072,20449,17841,18037,20761,21472,19805,18552,20488,20022,18454,21955,19602,20649,21511,21537,19446,20675,20219,19607,19503,18800,21142,18928,19430,20466,19805,18716,18728,19979,19049,18953,19436,19225,20986,23088,21074,21244,21265,20163,19018,18826,20775,20042,19507,19020,20745,15724,19809,21351,21372,20122,20511,18503,18084,18070,17693,18165,18789,18797,19349,21025,20032,23199,22640,22772,22342,21537,20400,20268,17594,19036,20031,20049,20098,19362,20184,18223,21431,22637,23076,22174,20743,19039,17872,17706,17189,19158,19777,19256,20162,22858,18883,23479,24523,23372,21667,21678,21729,20691,17477,18598,20349,20689,20253,19364,21915,17985,21128,24094,23390,21954,21605,21181,20251,18924,18975,19918,19768,19482,20505,22389,19859,22925,23582,22830,19705,19917,20197,19979,20745,20855,20959,20276,22352,17669,20651,23561,21681,19738,20459,20881,20013,19478,19601,20537,20435,22707,19391,21196,23758,22509,20535,21458,22326,21501,19593,19751,22343,17589,20151,23081,21658,19584,20478,22440,21334,22332,18782,22083,22446,21408
24h,1,stim,2021/12/14,18:50:55,Fluorescence Top Reading,15 x 15,6000 µm,485 nm,535 nm,9 nm,20 nm,100,2,20 µs,0 µs,0 ms,A2,20944,1656,15056,22247,19673,16366,20843,20267,15035,21619,21630,19879,20543,21368,19958,20469,19958,19634,21314,19460,20659,22713,21009,19453,20777,21280,20009,20164,19699,21043,18944,20492,21762,20461,19856,19924,20948,20056,19529,20036,21611,20409,23204,21119,21594,21973,20637,19330,19392,21391,20699,19915,20132,22127,16733,21377,22457,23077,22423,22901,20690,19810,20377,19422,19755,20177,20165,20479,21240,20738,23738,23365,23229,23131,21804,21745,20948,18425,19158,20108,20962,20971,20045,21697,18978,22252,23696,23908,23055,21677,19915,18901,18462,18170,20085,20222,19447,19988,22940,18807,23885,24515,23400,22467,22043,22437,20825,18276,19135,20462,20821,20461,19781,22026,18338,21268,24288,24313,22528,22137,21977,20395,19320,19364,20621,20297,19661,20409,23214,19581,23119,24356,23331,20518,20206,20782,19668,21128,20916,21165,20304,22978,18069,20843,23711,22684,20357,21062,21700,20388,19900,20554,20905,20348,22995,19987,21573,23335,22720,20728,21615,23070,21514,20003,20680,23195,18255,20408,24429,21918,19910,21031,22627,21930,22527,18970,22325,22837,21930
24h,1,stim,2021/12/14,18:50:55,Fluorescence Top Reading,15 x 15,6000 µm,485 nm,535 nm,9 nm,20 nm,100,2,20 µs,0 µs,0 ms,A3,22272,1907,15286,17410,22865,16327,21571,21776,15633,22992,23003,21350,21526,23525,21185,21818,21696,20655,23772,19910,22413,23397,22405,20277,21917,22241,21767,21806,20593,23142,20835,22004,23009,22560,20802,21208,22019,21513,20287,21305,22959,22081,25090,22132,22501,23272,21905,20064,20293,21720,21506,21576,21392,21876,17742,22288,23929,24707,23674,24115,21471,20401,20581,20919,21136,21724,21278,21838,24036,22006,25598,24695,24526,24512,23892,23249,23219,19230,20000,21048,21824,21976,21554,23388,20247,24484,25602,25619,24437,23214,21398,20630,18719,19095,20706,21714,21219,21656,23732,21468,24985,26337,25355,24431,23733,23768,22147,18643,19793,21513,22220,21858,21373,24027,19175,23342,26018,25467,23392,23844,22852,22113,19890,20438,21619,21965,21394,22066,24605,21082,25084,25843,25586,21693,22082,22085,20997,22055,22081,22398,22110,23585,19454,22199,25003,24273,21911,22540,22548,21975,21920,22059,21854,22002,24947,20915,22834,25187,24619,21993,23229,24269,23907,21286,22022,25090,19948,21455,25648,23869,21017,22918,23895,23296,24005,20263,24078,24198,23738
24h,1,control,2021/12/14,18:50:55,Fluorescence Top Reading,15 x 15,6000 µm,485 nm,535 nm,9 nm,20 nm,100,2,20 µs,0 µs,0 ms,B1,14163,1285,5647,10417,16192,11957,14678,13467,13051,14869,13800,13524,14832,14075,13383,14379,13317,13462,15049,13096,14259,14596,14614,13547,14068,14027,13625,13692,12959,14612,13491,13567,14427,14243,12894,13629,14254,13861,13174,13921,14646,14270,16003,14472,14806,14862,13938,12887,13562,14403,13690,13569,13536,13933,11445,14469,14893,15433,15288,15394,13697,13496,13329,12733,13473,13825,13229,13626,14960,13899,16474,15791,15914,15284,15132,14382,13971,12268,13163,13680,13844,13878,13601,14830,12615,15184,16261,16455,15231,15055,13754,13294,12365,12013,13031,14058,13291,13446,14944,13452,15910,16890,15938,15205,14898,14597,13739,11877,12996,13434,14161,14014,13602,15307,12478,14614,17178,16420,14949,15490,14986,14104,13111,12921,13821,13849,13487,13792,15827,13427,16065,16168,16221,13406,13885,13353,13618,14196,14032,14110,13635,14956,12285,14352,15912,15401,13721,14327,14759,13985,13347,13850,14072,13752,15541,13201,14871,16012,15702,14247,14892,15598,14964,13455,13658,16015,12183,13649,15928,15036,13409,14425,14945,14452,15143,12542,15041,15495,14890
24h,1,control,2021/12/14,18:50:55,Fluorescence Top Reading,15 x 15,6000 µm,485 nm,535 nm,9 nm,20 nm,100,2,20 µs,0 µs,0 ms,B2,14259,1284,4794,10819,14193,12287,14603,13188,12914,14982,14437,13069,14439,13962,13465,14254,13905,13426,15191,13624,14416,15097,14587,13655,14385,14314,13537,13793,13176,14358,13136,13950,14759,14251,13373,13602,14328,13520,13601,13755,14665,14112,15703,14571,14929,15140,14221,13277,13326,14544,13647,13535,13263,14843,11415,14578,15034,15444,15415,15522,14064,13186,13519,13213,13817,13818,13677,13568,14336,14185,16322,16115,15636,15990,15052,15298,14379,12692,13036,13434,13850,13783,13365,15217,13154,15203,16212,16175,15744,15114,14594,13252,12719,12015,13667,14118,13517,13826,15980,13108,16347,17180,15735,15432,15116,15478,13921,12240,12908,13842,14020,14184,13498,14667,12808,14629,16648,16113,15311,15065,15056,13781,13160,13112,14127,13949,13397,13750,15754,13829,15811,16742,15806,14121,13919,13791,13521,14385,14411,14258,13760,15566,12690,14222,16449,15266,14284,14457,14831,13735,13841,14128,14096,13887,15489,13651,14525,15998,15660,14433,14758,15491,14517,13493,13962,15651,12400,13850,16491,14776,13735,14408,15329,14480,15489,12632,15033,15572,14778
24h,1,control,2021/12/14,18:50:55,Fluorescence Top Reading,15 x 15,6000 µm,485 nm,535 nm,9 nm,20 nm,100,2,20 µs,0 µs,0 ms,B3,15149,1546,6236,12834,24949,15064,11824,17545,13986,13603,13474,16018,16275,14333,13434,15194,14029,13866,16329,14572,14810,15644,15612,14241,15052,15265,14727,14501,14401,15294,14246,14673,15821,15316,14427,14541,15440,14677,14054,14467,14368,15721,16849,15090,15261,15709,14933,13659,13629,14664,14502,14478,14367,15564,12057,15422,16282,16751,15787,16237,14977,14026,13985,13948,14517,15214,14526,14754,16394,14974,17140,16594,16559,16662,16045,15824,15455,13057,13298,14509,14551,14638,14394,15132,14036,16023,17157,17299,16975,15643,14709,14178,13136,12482,14592,15127,14333,14612,17031,14231,17309,18051,17385,15992,15819,16257,15142,12809,13213,14610,14943,14636,14401,16449,13314,15823,17966,17053,16119,15809,15846,14853,13840,14002,14829,15113,14297,14805,15817,14596,16899,17278,16880,14533,14887,14493,14283,15204,15087,14947,14615,16495,12656,15565,17383,16023,14985,15229,15399,14731,14619,14800,14844,14804,17001,14317,15548,17082,16299,14988,15420,16380,15748,14276,14658,16818,13024,14580,17061,15897,14501,15173,16316,15364,16562,13818,16037,16108,15804
24h,1,pos,2021/12/14,18:53:27,Fluorescence Top Reading,15 x 15,6000 µm,485 nm,535 nm,9 nm,20 nm,100,2,20 µs,0 µs,0 ms,A1,438,39,496,487,453,479,476,463,457,439,446,439,489,454,455,538,503,465,470,447,445,423,415,410,426,477,440,433,440,418,421,407,420,405,413,425,405,437,423,461,442,414,439,427,429,418,445,394,388,387,418,429,458,435,418,470,434,400,414,435,371,399,428,411,365,427,435,477,432,416,410,380,419,383,383,439,390,407,401,396,373,436,434,455,421,426,425,405,428,391,409,385,361,410,402,428,434,423,451,397,358,400,387,383,380,387,424,438,444,413,473,491,476,519,470,486,447,437,410,413,374,399,393,392,412,410,398,419,436,414,365,415,429,441,408,419,439,485,455,497,514,546,496,485,476,481,484,421,466,416,441,455,426,438,464,450,456,481,427,432,482,506,470,494,529,556,495,522,520,500,483,462,418,460,456,497,474,510,470
24h,1,pos,2021/12/14,18:53:27,Fluorescence Top Reading,15 x 15,6000 µm,485 nm,535 nm,9 nm,20 nm,100,2,20 µs,0 µs,0 ms,A2,53866,4042,40113,,60813,41521,53085,55590,38586,56929,55327,53616,53212,56035,51476,53391,53559,50261,57480,48609,54093,56954,56150,49766,53369,54708,54607,51373,50861,55804,49205,53688,56023,54076,50013,51874,54255,52713,51086,52254,55729,53913,,54212,55287,56243,53708,48933,49874,53757,53342,52509,51719,56981,42819,54395,59480,,56558,58794,52504,50901,50923,51104,51342,52660,52886,53931,55224,55126,,59788,,59589,57791,55761,55218,46635,49981,51745,54016,54391,52605,56098,49347,,,,,57898,51062,50369,46117,46490,51489,53615,51436,53410,60581,49971,,,,57877,57064,57100,54012,45784,48522,53685,55021,53539,51979,57736,47762,55616,,,58031,57767,55474,53429,49485,50500,53455,53025,52790,54814,60797,51883,,61504,61993,52636,53307,52659,52310,55098,55224,55293,53065,58234,46517,55066,,59077,52369,54109,55213,53650,51579,52968,54197,54813,59235,51210,56451,61373,59852,54308,56100,59732,57330,51683,52919,60561,47909,54017,63593,58687,51691,54858,58317,57322,58947,49903,58961,59234,57505
24h,1,pos,2021/12/14,18:53:27,Fluorescence Top Reading,15 x 15,6000 µm,485 nm,535 nm,9 nm,20 nm,100,2,20 µs,0 µs,0 ms,A3,48542,4324,29603,,52728,34701,44160,49555,35270,50267,45240,49302,47605,50964,45597,48785,47201,45631,52229,43090,48442,50254,51143,44348,47260,47259,49425,45929,43059,51934,45704,47289,48229,50287,44935,45871,46687,47794,46334,46584,50735,49152,54848,47115,49398,49392,48540,42190,44210,46824,48147,46620,46955,49113,38304,48008,50286,54926,51519,53056,46505,44255,43171,46242,45728,46729,46730,48806,51714,46859,57133,52989,52979,51953,53220,48545,50183,40551,44322,44868,47979,48084,47171,50155,43084,53656,54494,56470,52644,50695,44291,44619,39033,41608,45479,48542,46240,47998,51840,46572,55384,56592,55424,51673,51575,50477,48221,40260,43795,46075,48909,47800,47040,52758,41882,51378,57009,56008,50804,51698,48377,48351,43219,45324,46792,48006,47115,48655,54450,46091,55233,54680,56733,46033,48077,44949,47549,48636,49075,48000,48391,51807,42031,48870,55076,52948,47142,48425,48263,48750,46304,47390,48571,49576,54142,45301,51526,53752,54552,47425,51298,51529,52322,46935,47721,55633,43347,48114,55347,53383,46413,49126,50692,52535,52265,43611,53555,52480,52599
24h,2,stim,2021/12/19,19:06:05,Fluorescence Top Reading,15 x 15,6000 µm,485 nm,535 nm,9 nm,20 nm,100,2,20 µs,0 µs,0 ms,A1,16327,1472,9918,11851,23738,16110,13318,17970,16447,14021,14936,17356,17322,15427,14897,16811,15124,14858,17523,15703,16389,16995,16818,15217,16164,16585,15897,15866,15358,16953,15027,15727,16705,16200,14937,15187,16234,15770,15093,15369,15640,16359,18065,16578,17131,17282,16509,15221,15043,16304,15814,15409,15442,16931,13086,16539,17573,17819,17228,17443,15940,15053,15190,14572,15287,15879,15754,15692,17269,15788,18453,17993,18230,17559,17362,16594,16609,14136,14861,15562,15998,16163,15489,16728,15514,17719,18456,18878,17808,16956,15660,14676,14160,13830,15360,15775,15210,16130,17793,14692,18344,19178,18432,17322,17230,17315,16489,13870,14733,15643,16380,15926,15495,17558,14232,16986,19295,18599,17069,17264,16975,15964,14966,14971,16258,15629,15373,15702,17547,15534,18224,18640,18157,16007,15988,15947,15575,16300,16204,16625,15970,17620,14294,16311,18658,17677,16013,16492,16748,15810,15274,15859,16141,16026,17989,15191,16744,18791,18130,16298,16844,17968,16842,15652,15813,17939,14370,15850,18516,17168,15455,16326,17572,16711,17886,14830,17312,17736,17039
24h,2,stim,2021/12/19,19:06:05,Fluorescence Top Reading,15 x 15,6000 µm,485 nm,535 nm,9 nm,20 nm,100,2,20 µs,0 µs,0 ms,A2,17022,1326,12763,15778,16425,12451,16066,15881,12142,17738,18070,16225,16734,17110,16041,16496,16498,15770,17331,16077,16951,18527,16713,15936,17056,17440,16306,16858,15804,17317,16101,16881,18026,16779,16170,16390,17449,15688,15861,16339,17204,16754,18653,17596,17773,17905,17062,15798,15980,17223,16223,16364,16425,17611,13922,17769,18386,18773,18682,18358,17063,15868,16303,15908,16399,16333,16211,16328,17116,16724,18525,18614,18811,19124,18015,17523,17314,15456,15520,16178,16663,17096,16457,18005,15976,18698,19513,19413,18769,17638,16839,15635,15188,14274,16235,16199,15933,16205,18590,15648,19128,20163,18981,18636,17944,18096,16691,15108,15326,16465,16886,16969,16108,18029,15088,17744,19766,19510,18237,17974,17776,16559,15768,15736,16722,16453,16252,16334,18746,16183,18765,19473,18559,17114,16457,17255,15719,17521,16944,17315,16537,18575,14816,16913,19577,17876,16958,17168,17635,16389,16392,16394,16801,16659,18122,15914,17298,18987,18188,16699,17212,18579,17477,16504,16839,18576,14728,16984,19854,17713,16396,17035,18123,17026,18473,15440,18333,18726,17564
24h,2,stim,2021/12/19,19:06:05,Fluorescence Top Reading,15 x 15,6000 µm,485 nm,535 nm,9 nm,20 nm,100,2,20 µs,0 µs,0 ms,A3,15653,1281,11601,13787,15015,10972,14718,14561,11014,16161,16302,14652,15105,15630,14587,15133,14417,14917,15933,14862,15376,17250,15043,14763,15676,16071,15041,15230,14936,15591,14561,15271,16263,15502,14777,14940,15727,14953,14616,15144,15840,15280,17267,15803,16064,16502,15654,14363,14535,15420,15069,14864,14627,15380,12984,15919,16662,16960,17376,16926,15443,14210,14588,14651,15113,15006,14855,15303,16681,15242,17357,17101,17141,17436,16564,16320,16196,14176,13868,14814,15334,15484,15000,16492,14290,17255,17951,18099,17519,16144,15395,14787,13522,13313,14948,15464,14897,14971,16156,14741,17208,18363,17735,17396,16340,16957,15480,13811,13767,14939,15108,15494,15184,16992,13785,16952,18622,18002,16543,16231,16470,15437,14252,14488,15620,15295,14863,15408,17532,14871,17409,18057,17803,15524,15376,15508,14289,15559,15226,15828,15125,16872,13815,15846,17539,16977,15564,15925,16073,15441,15320,15669,15647,15031,17559,14965,16286,17823,17113,15601,15747,16841,16130,15498,15493,17636,13908,15426,18361,16583,14964,15818,17091,15949,17029,14292,16825,17030,16590
24h,2,control,2021/12/19,19:06:05,Fluorescence Top Reading,15 x 15,6000 µm,485 nm,535 nm,9 nm,20 nm,100,2,20 µs,0 µs,0 ms,B1,12410,1133,4474,9754,12582,9690,13035,11783,11441,12902,12487,11278,13018,12387,11610,12335,11872,11707,12955,11533,12577,13160,12939,11732,12398,12524,12121,12281,11709,12732,11529,11908,12467,12656,11678,11942,12385,11980,11932,12014,12675,12432,13788,12508,13021,12953,12542,11414,11592,12692,12159,11799,11808,12503,9855,12590,13027,13325,13124,13823,12141,11994,11815,11072,11704,11871,11604,11707,13362,12122,14379,13656,13943,13508,13277,12492,12273,10971,11396,12148,12078,11870,12005,13243,11300,13321,14148,14391,13570,13221,12167,11704,11028,10455,11544,12027,11444,11745,12821,11679,14027,14615,14168,13286,13037,12855,11837,10512,11299,11916,12181,12217,11979,13636,10804,13135,14752,14381,13199,13289,13229,12182,11540,11283,12105,11987,11711,11942,13474,11948,13807,14505,14048,11913,12235,11736,11721,12254,12278,12562,12197,13545,10839,12479,14410,13555,12442,12537,12787,11991,11851,12213,12410,12150,13749,11752,12920,14187,13680,12050,12832,13596,12824,12017,12149,13963,10764,12419,14388,12975,12099,12645,13363,12571,13551,11170,13331,13270,12910
24h,2,control,2021/12/19,19:06:05,Fluorescence Top Reading,15 x 15,6000 µm,485 nm,535 nm,9 nm,20 nm,100,2,20 µs,0 µs,0 ms,B2,12075,1089,4185,9135,11888,10033,12639,11242,11267,12594,11827,11270,12716,12183,11328,12021,12034,11208,12866,11410,12187,12556,12196,11385,12265,12145,11436,11635,11168,12375,11274,11726,12340,11833,11311,11596,12059,11697,11404,11684,12442,12331,13317,12315,12537,12697,12073,11131,11330,12139,11545,11363,11574,12412,9818,12406,12867,13119,12647,13063,11822,11185,11431,11214,11543,12012,11362,11585,12082,11941,13396,13201,13490,13751,12905,12419,11844,10620,10937,11264,11535,11742,11502,12617,11077,13048,13849,14065,13412,12721,11982,11487,10595,10373,11339,12099,11375,11370,13636,11470,13598,14180,13608,12954,12639,12866,12133,10334,10937,11724,11962,11864,11614,12808,10835,12650,14075,13930,13127,12995,12522,11837,10869,11136,11909,11853,11456,11821,13530,11681,13177,13618,13591,12053,11680,11626,11234,12031,12069,12320,11665,13324,10410,12266,13965,13199,12100,12267,12192,11796,11819,11915,12024,11785,13054,11346,12419,13500,13326,11649,12412,13062,12641,11471,11849,13451,10468,11999,14217,12878,11667,12057,12934,12245,12841,10739,13012,13160,12789
24h,2,control,2021/12/19,19:06:05,Fluorescence Top Reading,15 x 15,6000 µm,485 nm,535 nm,9 nm,20 nm,100,2,20 µs,0 µs,0 ms,B3,12180,1216,5094,10034,19204,11886,9601,14216,11435,11009,11016,12957,12800,11184,11105,12233,11480,11110,13206,11827,12119,12565,12360,11173,12111,12333,11773,11670,11466,12533,11224,11734,12748,12200,11694,11705,12426,11868,11328,11562,11643,12612,13533,11982,12637,12764,12124,10880,11228,12085,11721,11557,11497,12836,9732,12380,13252,13319,12871,13127,11745,11236,11413,11244,11799,11990,11484,11915,12927,11793,13870,13343,13309,13608,13057,12469,12412,10660,11167,11328,11711,11816,11959,12634,11451,12966,13888,14328,13590,12588,11849,11294,10333,10269,11451,12050,11616,11728,13505,11115,13835,14583,13761,12701,12780,12912,11906,10357,10382,11860,11900,11810,11670,13402,10833,12761,14462,13980,12925,12749,12750,12358,11054,10961,11996,12121,11566,11450,12598,11841,13715,13772,13699,11888,11945,11476,11225,11844,12103,12117,11796,13679,10483,12315,13918,13091,12126,12112,12452,11912,11743,11915,12068,11745,13351,11563,12497,13729,13487,12147,12269,12931,12486,11609,11699,13348,10709,11871,13740,12818,11296,12265,12921,12176,13054,11119,12947,12999,12718
24h,2,pos,2021/12/19,19:11:36,Fluorescence Top Reading,15 x 15,6000 µm,485 nm,535 nm,9 nm,20 nm,100,2,20 µs,0 µs,0 ms,B1,40625,3538,22058,30550,,39386,32731,46668,36015,38804,34702,44183,43443,39004,35997,41260,39608,35367,43505,38946,41123,42035,42821,38885,40306,40726,40850,39209,37375,42323,37890,39568,40640,40942,37501,38736,40547,39500,38515,39117,39822,41627,44912,41059,41710,42435,40195,37167,38395,41471,40368,39420,39262,42591,32373,41282,43550,45151,42355,44825,39111,38242,37177,37448,38518,39711,38737,39713,43505,39981,46773,44567,45483,43813,42900,40498,40774,34618,37417,39687,40357,39958,39484,41522,38464,44143,45442,47037,44861,42179,38965,37821,34915,33773,38086,40010,38243,39560,44934,37546,47376,48138,46207,42998,41936,42156,40012,33148,36538,40257,40659,40164,39607,44061,36153,42988,48294,47043,43187,43512,41576,39919,36966,37116,39545,39967,38119,39812,43061,38701,45981,45648,44589,39334,38973,38682,39376,40978,41317,40866,39781,44617,35229,41380,46619,44138,39661,40146,41534,38932,38407,39220,40716,39578,44423,37685,42149,45844,45292,39770,42742,43932,42345,39078,40080,45306,35796,39623,46166,43455,38586,40382,43038,41932,43975,36294,44159,43975,42233
24h,2,pos,2021/12/19,19:11:36,Fluorescence Top Reading,15 x 15,6000 µm,485 nm,535 nm,9 nm,20 nm,100,2,20 µs,0 µs,0 ms,B2,40298,3253,28559,43524,43530,29514,38140,39983,29172,42154,41671,39589,39562,41328,38582,39721,39055,37534,42839,36733,39848,42731,40961,37053,39785,39527,39196,38048,37283,41353,37407,39037,40978,40610,37634,38205,40473,39417,37802,38625,41222,39783,44333,39947,41059,41877,39949,36086,37540,40506,39510,38412,38458,42399,32430,40487,43324,44473,42223,43528,38836,37624,36674,38386,38489,39487,38848,39960,40464,40498,45855,43364,44544,43842,42744,41213,39822,34465,37253,38311,39270,39789,39205,42250,36950,43127,45937,46199,44377,42400,38973,37362,34208,33903,38046,39691,37832,39084,44599,37177,46590,47159,45355,42827,42476,42393,40078,33616,36461,39461,40134,39735,38761,42409,35706,41564,47324,46192,43569,42261,40220,39422,36679,36812,39325,38991,38359,39587,44585,38728,45099,46534,44676,39197,39221,38612,38159,40782,40840,41089,38952,44216,34515,41483,46268,43125,39518,40456,40517,39513,38429,39354,39448,40197,43579,38087,41867,45266,44011,39308,41540,44120,41946,38489,39286,45302,35729,39690,46231,42782,38289,40677,43200,41427,43312,36632,43352,43686,42111
24h,2,pos,2021/12/19,19:11:36,Fluorescence Top Reading,15 x 15,6000 µm,485 nm,535 nm,9 nm,20 nm,100,2,20 µs,0 µs,0 ms,B3,41177,3560,27499,35206,43044,28772,39239,40223,29637,43537,43245,39463,40160,42509,39564,41020,38723,38935,44181,38508,40902,44382,41435,38711,41189,41411,40325,39720,38193,42643,38925,40443,42461,42460,38146,39456,41674,40293,38679,39302,42712,40463,45368,41022,42298,42718,40832,37029,38106,40592,39860,39555,39373,40937,32483,40907,43471,45968,44381,44564,40357,37147,37871,38695,40052,40251,39850,40226,44310,39898,47324,44965,45602,45774,44419,42990,41891,35551,36272,39141,40511,40437,39076,43775,37936,45301,46662,46991,45929,42968,39406,38397,33385,33770,39339,40844,38987,40361,42800,38659,46603,49018,46690,44192,43146,44657,40994,34641,35201,39344,40734,40624,39892,44470,36386,44394,48918,46758,44355,44402,42193,40327,36416,37466,40638,41093,39226,40633,45817,39183,46421,47522,46816,39914,40602,38780,38751,40697,41138,41182,40491,44090,35874,41903,47088,44265,40570,41066,41654,40142,39823,40571,41189,39879,45555,38783,43308,47121,45528,40559,41859,44188,43409,39148,40646,46518,36065,40170,47266,43754,38951,41115,43725,42745,44352,36835,44532,44415,43896
